{
  "$type": "Artemis.Storage.Entities.Profile.ProfileConfigurationEntity, Artemis.Storage",
  "Name": "Spotify - imported - imported",
  "MaterialIcon": "Spotify",
  "FileIconId": "00000000-0000-0000-0000-000000000000",
  "IconType": 0,
  "IconFill": false,
  "Order": 1,
  "IsSuspended": false,
  "ActivationBehaviour": 0,
  "ActivationCondition": {
    "$type": "Artemis.Storage.Entities.Profile.Nodes.NodeScriptEntity, Artemis.Storage",
    "Name": "Activate profile",
    "Description": "Whether or not the profile should be active",
    "Nodes": {
      "$type": "System.Collections.Generic.List`1[[Artemis.Storage.Entities.Profile.Nodes.NodeEntity, Artemis.Storage]], System.Private.CoreLib",
      "$values": [
        {
          "$type": "Artemis.Storage.Entities.Profile.Nodes.NodeEntity, Artemis.Storage",
          "Id": "410c824d-c5e3-4e3a-8080-d50f6c8b83b8",
          "Type": "ExitNode`1",
          "PluginId": "ffffffff-ffff-ffff-ffff-ffffffffffff",
          "Name": "Activate profile",
          "Description": "Whether or not the profile should be active",
          "IsExitNode": true,
          "X": 0.0,
          "Y": -36.0,
          "Storage": "",
          "PinCollections": {
            "$type": "System.Collections.Generic.List`1[[Artemis.Storage.Entities.Profile.Nodes.NodePinCollectionEntity, Artemis.Storage]], System.Private.CoreLib",
            "$values": []
          }
        },
        {
          "$type": "Artemis.Storage.Entities.Profile.Nodes.NodeEntity, Artemis.Storage",
          "Id": "910a315c-cf01-40d7-8cba-1a2984825570",
          "Type": "DelayNode",
          "PluginId": "ffffffff-ffff-ffff-ffff-ffffffffffff",
          "Name": "Delay",
          "Description": "Delays the resolution of the input pin(s) for the given time after each update",
          "IsExitNode": false,
          "X": -750.0,
          "Y": -270.0,
          "Storage": "",
          "PinCollections": {
            "$type": "System.Collections.Generic.List`1[[Artemis.Storage.Entities.Profile.Nodes.NodePinCollectionEntity, Artemis.Storage]], System.Private.CoreLib",
            "$values": [
              {
                "$type": "Artemis.Storage.Entities.Profile.Nodes.NodePinCollectionEntity, Artemis.Storage",
                "Id": 0,
                "Direction": 0,
                "Amount": 1
              }
            ]
          }
        },
        {
          "$type": "Artemis.Storage.Entities.Profile.Nodes.NodeEntity, Artemis.Storage",
          "Id": "e767bba0-f33c-475f-a6cc-8639d5bce0cb",
          "Type": "StaticNumericValueNode",
          "PluginId": "ffffffff-ffff-ffff-ffff-ffffffffffff",
          "Name": "Numeric",
          "Description": "Outputs a configurable static numeric value.",
          "IsExitNode": false,
          "X": -1120.0,
          "Y": -266.0,
          "Storage": "1000.0",
          "PinCollections": {
            "$type": "System.Collections.Generic.List`1[[Artemis.Storage.Entities.Profile.Nodes.NodePinCollectionEntity, Artemis.Storage]], System.Private.CoreLib",
            "$values": []
          }
        },
        {
          "$type": "Artemis.Storage.Entities.Profile.Nodes.NodeEntity, Artemis.Storage",
          "Id": "9a3eacf8-45f7-4eb0-8dee-0b8a5e880d67",
          "Type": "StaticStringValueNode",
          "PluginId": "ffffffff-ffff-ffff-ffff-ffffffffffff",
          "Name": "Text",
          "Description": "Outputs a configurable static text value.",
          "IsExitNode": false,
          "X": -1120.0,
          "Y": 194.0,
          "Storage": "\"Spotify\"",
          "PinCollections": {
            "$type": "System.Collections.Generic.List`1[[Artemis.Storage.Entities.Profile.Nodes.NodePinCollectionEntity, Artemis.Storage]], System.Private.CoreLib",
            "$values": []
          }
        },
        {
          "$type": "Artemis.Storage.Entities.Profile.Nodes.NodeEntity, Artemis.Storage",
          "Id": "7a269273-225e-4076-8371-870ae1a0501e",
          "Type": "AndNode",
          "PluginId": "ffffffff-ffff-ffff-ffff-ffffffffffff",
          "Name": "And",
          "Description": "Checks if all inputs are true.",
          "IsExitNode": false,
          "X": -490.0,
          "Y": -140.0,
          "Storage": "",
          "PinCollections": {
            "$type": "System.Collections.Generic.List`1[[Artemis.Storage.Entities.Profile.Nodes.NodePinCollectionEntity, Artemis.Storage]], System.Private.CoreLib",
            "$values": [
              {
                "$type": "Artemis.Storage.Entities.Profile.Nodes.NodePinCollectionEntity, Artemis.Storage",
                "Id": 0,
                "Direction": 0,
                "Amount": 3
              }
            ]
          }
        },
        {
          "$type": "Artemis.Storage.Entities.Profile.Nodes.NodeEntity, Artemis.Storage",
          "Id": "9fabfc07-1719-433d-9a3e-c4ca7a673d4d",
          "Type": "ListOperatorNode",
          "PluginId": "ffffffff-ffff-ffff-ffff-ffffffffffff",
          "Name": "List Operator (Simple)",
          "Description": "Checks if any/all/no values in the input list match the input value",
          "IsExitNode": false,
          "X": -770.0,
          "Y": 160.0,
          "Storage": "0",
          "PinCollections": {
            "$type": "System.Collections.Generic.List`1[[Artemis.Storage.Entities.Profile.Nodes.NodePinCollectionEntity, Artemis.Storage]], System.Private.CoreLib",
            "$values": []
          }
        },
        {
          "$type": "Artemis.Storage.Entities.Profile.Nodes.NodeEntity, Artemis.Storage",
          "Id": "24b4a277-7c1f-4ae9-8e67-758f744f759b",
          "Type": "DataModelNode",
          "PluginId": "ffffffff-ffff-ffff-ffff-ffffffffffff",
          "Name": "Data Model-Value",
          "Description": "Outputs a selectable data model value.",
          "IsExitNode": false,
          "X": -1120.0,
          "Y": -150.0,
          "Storage": "{\"$type\":\"Artemis.Storage.Entities.Profile.DataModelPathEntity, Artemis.Storage\",\"Path\":\"Player.IsPlaying\",\"DataModelId\":\"Artemis.Plugins.Modules.Spotify.SpotifyModule-76d139ad\",\"Type\":null}",
          "PinCollections": {
            "$type": "System.Collections.Generic.List`1[[Artemis.Storage.Entities.Profile.Nodes.NodePinCollectionEntity, Artemis.Storage]], System.Private.CoreLib",
            "$values": []
          }
        },
        {
          "$type": "Artemis.Storage.Entities.Profile.Nodes.NodeEntity, Artemis.Storage",
          "Id": "a89568bb-bed4-42af-99ff-9bcc0865fede",
          "Type": "DataModelNode",
          "PluginId": "ffffffff-ffff-ffff-ffff-ffffffffffff",
          "Name": "Data Model-Value",
          "Description": "Outputs a selectable data model value.",
          "IsExitNode": false,
          "X": -1120.0,
          "Y": 102.0,
          "Storage": "{\"$type\":\"Artemis.Storage.Entities.Profile.DataModelPathEntity, Artemis.Storage\",\"Path\":\"RunningProcesses\",\"DataModelId\":\"Artemis.Plugins.Modules.Processes.ProcessesModule-7c490c59\",\"Type\":\"System.Collections.Generic.List`1[[System.String, System.Private.CoreLib, Version=7.0.0.0, Culture=neutral, PublicKeyToken=7cec85d7bea7798e]]\"}",
          "PinCollections": {
            "$type": "System.Collections.Generic.List`1[[Artemis.Storage.Entities.Profile.Nodes.NodePinCollectionEntity, Artemis.Storage]], System.Private.CoreLib",
            "$values": []
          }
        },
        {
          "$type": "Artemis.Storage.Entities.Profile.Nodes.NodeEntity, Artemis.Storage",
          "Id": "9f77ca63-2046-43e1-8473-eb473ab8043a",
          "Type": "DataModelNode",
          "PluginId": "ffffffff-ffff-ffff-ffff-ffffffffffff",
          "Name": "Data Model-Value",
          "Description": "Outputs a selectable data model value.",
          "IsExitNode": false,
          "X": -1110.0,
          "Y": -70.0,
          "Storage": "{\"$type\":\"Artemis.Storage.Entities.Profile.DataModelPathEntity, Artemis.Storage\",\"Path\":\"Player.Volume\",\"DataModelId\":\"Artemis.Plugins.Modules.Spotify.SpotifyModule-76d139ad\",\"Type\":\"System.Int32\"}",
          "PinCollections": {
            "$type": "System.Collections.Generic.List`1[[Artemis.Storage.Entities.Profile.Nodes.NodePinCollectionEntity, Artemis.Storage]], System.Private.CoreLib",
            "$values": []
          }
        },
        {
          "$type": "Artemis.Storage.Entities.Profile.Nodes.NodeEntity, Artemis.Storage",
          "Id": "960c1ab9-32d3-4cf8-9c48-f424d48ba946",
          "Type": "GreaterThanNode",
          "PluginId": "ffffffff-ffff-ffff-ffff-ffffffffffff",
          "Name": "Greater than",
          "Description": "Checks if the first input is greater than the second.",
          "IsExitNode": false,
          "X": -750.0,
          "Y": -60.0,
          "Storage": "",
          "PinCollections": {
            "$type": "System.Collections.Generic.List`1[[Artemis.Storage.Entities.Profile.Nodes.NodePinCollectionEntity, Artemis.Storage]], System.Private.CoreLib",
            "$values": []
          }
        },
        {
          "$type": "Artemis.Storage.Entities.Profile.Nodes.NodeEntity, Artemis.Storage",
          "Id": "b76dd336-6925-460a-a536-5acfad9fc202",
          "Type": "StaticNumericValueNode",
          "PluginId": "ffffffff-ffff-ffff-ffff-ffffffffffff",
          "Name": "Numeric",
          "Description": "Outputs a configurable static numeric value.",
          "IsExitNode": false,
          "X": -1120.0,
          "Y": 20.0,
          "Storage": "0.0",
          "PinCollections": {
            "$type": "System.Collections.Generic.List`1[[Artemis.Storage.Entities.Profile.Nodes.NodePinCollectionEntity, Artemis.Storage]], System.Private.CoreLib",
            "$values": []
          }
        }
      ]
    },
    "Connections": {
      "$type": "System.Collections.Generic.List`1[[Artemis.Storage.Entities.Profile.Nodes.NodeConnectionEntity, Artemis.Storage]], System.Private.CoreLib",
      "$values": [
        {
          "$type": "Artemis.Storage.Entities.Profile.Nodes.NodeConnectionEntity, Artemis.Storage",
          "SourceType": "Boolean",
          "SourceNode": "410c824d-c5e3-4e3a-8080-d50f6c8b83b8",
          "TargetNode": "7a269273-225e-4076-8371-870ae1a0501e",
          "SourcePinCollectionId": -1,
          "SourcePinId": 0,
          "TargetType": "Boolean",
          "TargetPinCollectionId": -1,
          "TargetPinId": 0
        },
        {
          "$type": "Artemis.Storage.Entities.Profile.Nodes.NodeConnectionEntity, Artemis.Storage",
          "SourceType": "Numeric",
          "SourceNode": "910a315c-cf01-40d7-8cba-1a2984825570",
          "TargetNode": "e767bba0-f33c-475f-a6cc-8639d5bce0cb",
          "SourcePinCollectionId": -1,
          "SourcePinId": 0,
          "TargetType": "Numeric",
          "TargetPinCollectionId": -1,
          "TargetPinId": 0
        },
        {
          "$type": "Artemis.Storage.Entities.Profile.Nodes.NodeConnectionEntity, Artemis.Storage",
          "SourceType": "Object",
          "SourceNode": "910a315c-cf01-40d7-8cba-1a2984825570",
          "TargetNode": "24b4a277-7c1f-4ae9-8e67-758f744f759b",
          "SourcePinCollectionId": 0,
          "SourcePinId": 0,
          "TargetType": "Boolean",
          "TargetPinCollectionId": -1,
          "TargetPinId": 0
        },
        {
          "$type": "Artemis.Storage.Entities.Profile.Nodes.NodeConnectionEntity, Artemis.Storage",
          "SourceType": "Boolean",
          "SourceNode": "7a269273-225e-4076-8371-870ae1a0501e",
          "TargetNode": "910a315c-cf01-40d7-8cba-1a2984825570",
          "SourcePinCollectionId": 0,
          "SourcePinId": 0,
          "TargetType": "Boolean",
          "TargetPinCollectionId": -1,
          "TargetPinId": 3
        },
        {
          "$type": "Artemis.Storage.Entities.Profile.Nodes.NodeConnectionEntity, Artemis.Storage",
          "SourceType": "Boolean",
          "SourceNode": "7a269273-225e-4076-8371-870ae1a0501e",
          "TargetNode": "9fabfc07-1719-433d-9a3e-c4ca7a673d4d",
          "SourcePinCollectionId": 0,
          "SourcePinId": 1,
          "TargetType": "Boolean",
          "TargetPinCollectionId": -1,
          "TargetPinId": 2
        },
        {
          "$type": "Artemis.Storage.Entities.Profile.Nodes.NodeConnectionEntity, Artemis.Storage",
          "SourceType": "Boolean",
          "SourceNode": "7a269273-225e-4076-8371-870ae1a0501e",
          "TargetNode": "960c1ab9-32d3-4cf8-9c48-f424d48ba946",
          "SourcePinCollectionId": 0,
          "SourcePinId": 2,
          "TargetType": "Boolean",
          "TargetPinCollectionId": -1,
          "TargetPinId": 2
        },
        {
          "$type": "Artemis.Storage.Entities.Profile.Nodes.NodeConnectionEntity, Artemis.Storage",
          "SourceType": "IList",
          "SourceNode": "9fabfc07-1719-433d-9a3e-c4ca7a673d4d",
          "TargetNode": "a89568bb-bed4-42af-99ff-9bcc0865fede",
          "SourcePinCollectionId": -1,
          "SourcePinId": 0,
          "TargetType": "List`1",
          "TargetPinCollectionId": -1,
          "TargetPinId": 0
        },
        {
          "$type": "Artemis.Storage.Entities.Profile.Nodes.NodeConnectionEntity, Artemis.Storage",
          "SourceType": "Object",
          "SourceNode": "9fabfc07-1719-433d-9a3e-c4ca7a673d4d",
          "TargetNode": "9a3eacf8-45f7-4eb0-8dee-0b8a5e880d67",
          "SourcePinCollectionId": -1,
          "SourcePinId": 1,
          "TargetType": "String",
          "TargetPinCollectionId": -1,
          "TargetPinId": 0
        },
        {
          "$type": "Artemis.Storage.Entities.Profile.Nodes.NodeConnectionEntity, Artemis.Storage",
          "SourceType": "Object",
          "SourceNode": "960c1ab9-32d3-4cf8-9c48-f424d48ba946",
          "TargetNode": "9f77ca63-2046-43e1-8473-eb473ab8043a",
          "SourcePinCollectionId": -1,
          "SourcePinId": 0,
          "TargetType": "Numeric",
          "TargetPinCollectionId": -1,
          "TargetPinId": 0
        },
        {
          "$type": "Artemis.Storage.Entities.Profile.Nodes.NodeConnectionEntity, Artemis.Storage",
          "SourceType": "Object",
          "SourceNode": "960c1ab9-32d3-4cf8-9c48-f424d48ba946",
          "TargetNode": "b76dd336-6925-460a-a536-5acfad9fc202",
          "SourcePinCollectionId": -1,
          "SourcePinId": 1,
          "TargetType": "Numeric",
          "TargetPinCollectionId": -1,
          "TargetPinId": 0
        }
      ]
    }
  },
  "HotkeyMode": 0,
  "EnableHotkey": null,
  "DisableHotkey": null,
  "ModuleId": null,
  "ProfileCategoryId": "46d3ac16-e7f3-473a-9377-c7fe3e89e342",
  "ProfileId": "8ba7536b-4984-4fdc-8e6c-62735d077e2b",
  "FadeInAndOut": true
}