{
  "$type": "Artemis.Storage.Entities.Profile.ProfileConfigurationEntity, Artemis.Storage",
  "Name": "Spotify - imported - imported",
  "MaterialIcon": "Spotify",
  "FileIconId": "00000000-0000-0000-0000-000000000000",
  "IconType": 0,
  "IconFill": false,
  "Order": 1,
  "IsSuspended": false,
  "ActivationBehaviour": 0,
  "ActivationCondition": {
    "$type": "Artemis.Storage.Entities.Profile.Nodes.NodeScriptEntity, Artemis.Storage",
    "Name": "Activate profile",
    "Description": "Whether or not the profile should be active",
    "Nodes": {
      "$type": "System.Collections.Generic.List`1[[Artemis.Storage.Entities.Profile.Nodes.NodeEntity, Artemis.Storage]], System.Private.CoreLib",
      "$values": [
        {
          "$type": "Artemis.Storage.Entities.Profile.Nodes.NodeEntity, Artemis.Storage",
          "Id": "410c824d-c5e3-4e3a-8080-d50f6c8b83b8",
          "Type": "ExitNode`1",
          "PluginId": "ffffffff-ffff-ffff-ffff-ffffffffffff",
          "Name": "Activate profile",
          "Description": "Whether or not the profile should be active",
          "IsExitNode": true,
          "X": 0.0,
          "Y": -36.0,
          "Storage": "",
          "PinCollections": {
            "$type": "System.Collections.Generic.List`1[[Artemis.Storage.Entities.Profile.Nodes.NodePinCollectionEntity, Artemis.Storage]], System.Private.CoreLib",
            "$values": []
          }
        },
        {
          "$type": "Artemis.Storage.Entities.Profile.Nodes.NodeEntity, Artemis.Storage",
          "Id": "910a315c-cf01-40d7-8cba-1a2984825570",
          "Type": "DelayNode",
          "PluginId": "ffffffff-ffff-ffff-ffff-ffffffffffff",
          "Name": "Delay",
          "Description": "Delays the resolution of the input pin(s) for the given time after each update",
          "IsExitNode": false,
          "X": -840.0,
          "Y": -213.0,
          "Storage": "",
          "PinCollections": {
            "$type": "System.Collections.Generic.List`1[[Artemis.Storage.Entities.Profile.Nodes.NodePinCollectionEntity, Artemis.Storage]], System.Private.CoreLib",
            "$values": [
              {
                "$type": "Artemis.Storage.Entities.Profile.Nodes.NodePinCollectionEntity, Artemis.Storage",
                "Id": 0,
                "Direction": 0,
                "Amount": 1
              }
            ]
          }
        },
        {
          "$type": "Artemis.Storage.Entities.Profile.Nodes.NodeEntity, Artemis.Storage",
          "Id": "e767bba0-f33c-475f-a6cc-8639d5bce0cb",
          "Type": "StaticNumericValueNode",
          "PluginId": "ffffffff-ffff-ffff-ffff-ffffffffffff",
          "Name": "Numeric",
          "Description": "Outputs a configurable static numeric value.",
          "IsExitNode": false,
          "X": -1120.0,
          "Y": -266.0,
          "Storage": "1000.0",
          "PinCollections": {
            "$type": "System.Collections.Generic.List`1[[Artemis.Storage.Entities.Profile.Nodes.NodePinCollectionEntity, Artemis.Storage]], System.Private.CoreLib",
            "$values": []
          }
        },
        {
          "$type": "Artemis.Storage.Entities.Profile.Nodes.NodeEntity, Artemis.Storage",
          "Id": "24b4a277-7c1f-4ae9-8e67-758f744f759b",
          "Type": "DataModelNode",
          "PluginId": "ffffffff-ffff-ffff-ffff-ffffffffffff",
          "Name": "Data Model-Value",
          "Description": "Outputs a selectable data model value.",
          "IsExitNode": false,
          "X": -1120.0,
          "Y": -174.0,
          "Storage": "{\"$type\":\"Artemis.Storage.Entities.Profile.DataModelPathEntity, Artemis.Storage\",\"Path\":\"Player.IsPlaying\",\"DataModelId\":\"Artemis.Plugins.Modules.Spotify.SpotifyModule-76d139ad\",\"Type\":null}",
          "PinCollections": {
            "$type": "System.Collections.Generic.List`1[[Artemis.Storage.Entities.Profile.Nodes.NodePinCollectionEntity, Artemis.Storage]], System.Private.CoreLib",
            "$values": []
          }
        },
        {
          "$type": "Artemis.Storage.Entities.Profile.Nodes.NodeEntity, Artemis.Storage",
          "Id": "8687d07d-c1cd-4e54-a111-8de46c0c7d4b",
          "Type": "DataModelNode",
          "PluginId": "ffffffff-ffff-ffff-ffff-ffffffffffff",
          "Name": "Data Model-Value",
          "Description": "Outputs a selectable data model value.",
          "IsExitNode": false,
          "X": -1120.0,
          "Y": -82.0,
          "Storage": "{\"$type\":\"Artemis.Storage.Entities.Profile.DataModelPathEntity, Artemis.Storage\",\"Path\":\"5497995b-551e-41f6-aeaf-cd70a43833bc.8a577568-f6f8-4c46-a273-94b73bfad8bf.ActivationConditionMet\",\"DataModelId\":\"Artemis.Plugins.Modules.Profiles.ProfilesModule-b79d14b5\",\"Type\":\"System.Boolean\"}",
          "PinCollections": {
            "$type": "System.Collections.Generic.List`1[[Artemis.Storage.Entities.Profile.Nodes.NodePinCollectionEntity, Artemis.Storage]], System.Private.CoreLib",
            "$values": []
          }
        },
        {
          "$type": "Artemis.Storage.Entities.Profile.Nodes.NodeEntity, Artemis.Storage",
          "Id": "aaf27820-17f2-4ad7-94f6-334fc95afb06",
          "Type": "NegateNode",
          "PluginId": "ffffffff-ffff-ffff-ffff-ffffffffffff",
          "Name": "Negate",
          "Description": "Negates the boolean.",
          "IsExitNode": false,
          "X": -840.0,
          "Y": -69.0,
          "Storage": "",
          "PinCollections": {
            "$type": "System.Collections.Generic.List`1[[Artemis.Storage.Entities.Profile.Nodes.NodePinCollectionEntity, Artemis.Storage]], System.Private.CoreLib",
            "$values": []
          }
        },
        {
          "$type": "Artemis.Storage.Entities.Profile.Nodes.NodeEntity, Artemis.Storage",
          "Id": "c949839d-779a-4da8-816f-213293ede871",
          "Type": "DataModelNode",
          "PluginId": "ffffffff-ffff-ffff-ffff-ffffffffffff",
          "Name": "Data Model-Value",
          "Description": "Outputs a selectable data model value.",
          "IsExitNode": false,
          "X": -1120.0,
          "Y": 10.0,
          "Storage": "{\"$type\":\"Artemis.Storage.Entities.Profile.DataModelPathEntity, Artemis.Storage\",\"Path\":\"5497995b-551e-41f6-aeaf-cd70a43833bc.312e295d-ff37-4d42-939b-f3ae4d1688bc.IsSuspended\",\"DataModelId\":\"Artemis.Plugins.Modules.Profiles.ProfilesModule-b79d14b5\",\"Type\":\"System.Boolean\"}",
          "PinCollections": {
            "$type": "System.Collections.Generic.List`1[[Artemis.Storage.Entities.Profile.Nodes.NodePinCollectionEntity, Artemis.Storage]], System.Private.CoreLib",
            "$values": []
          }
        },
        {
          "$type": "Artemis.Storage.Entities.Profile.Nodes.NodeEntity, Artemis.Storage",
          "Id": "ab3f1d8f-c774-4c91-b835-6b9f6eb95fa7",
          "Type": "EqualsNode",
          "PluginId": "ffffffff-ffff-ffff-ffff-ffffffffffff",
          "Name": "Equals",
          "Description": "Checks if the two inputs are equals.",
          "IsExitNode": false,
          "X": -560.0,
          "Y": -121.0,
          "Storage": "",
          "PinCollections": {
            "$type": "System.Collections.Generic.List`1[[Artemis.Storage.Entities.Profile.Nodes.NodePinCollectionEntity, Artemis.Storage]], System.Private.CoreLib",
            "$values": []
          }
        },
        {
          "$type": "Artemis.Storage.Entities.Profile.Nodes.NodeEntity, Artemis.Storage",
          "Id": "f3b83012-cf6f-498c-888d-4d9e13ebdd89",
          "Type": "NegateNode",
          "PluginId": "ffffffff-ffff-ffff-ffff-ffffffffffff",
          "Name": "Negate",
          "Description": "Negates the boolean.",
          "IsExitNode": false,
          "X": -840.0,
          "Y": 23.0,
          "Storage": "",
          "PinCollections": {
            "$type": "System.Collections.Generic.List`1[[Artemis.Storage.Entities.Profile.Nodes.NodePinCollectionEntity, Artemis.Storage]], System.Private.CoreLib",
            "$values": []
          }
        },
        {
          "$type": "Artemis.Storage.Entities.Profile.Nodes.NodeEntity, Artemis.Storage",
          "Id": "3e0596d4-6dee-4b00-9e95-607c8bf2b77b",
          "Type": "AndNode",
          "PluginId": "ffffffff-ffff-ffff-ffff-ffffffffffff",
          "Name": "And",
          "Description": "Checks if all inputs are true.",
          "IsExitNode": false,
          "X": -280.0,
          "Y": -62.0,
          "Storage": "",
          "PinCollections": {
            "$type": "System.Collections.Generic.List`1[[Artemis.Storage.Entities.Profile.Nodes.NodePinCollectionEntity, Artemis.Storage]], System.Private.CoreLib",
            "$values": [
              {
                "$type": "Artemis.Storage.Entities.Profile.Nodes.NodePinCollectionEntity, Artemis.Storage",
                "Id": 0,
                "Direction": 0,
                "Amount": 2
              }
            ]
          }
        },
        {
          "$type": "Artemis.Storage.Entities.Profile.Nodes.NodeEntity, Artemis.Storage",
          "Id": "a89568bb-bed4-42af-99ff-9bcc0865fede",
          "Type": "DataModelNode",
          "PluginId": "ffffffff-ffff-ffff-ffff-ffffffffffff",
          "Name": "Data Model-Value",
          "Description": "Outputs a selectable data model value.",
          "IsExitNode": false,
          "X": -1120.0,
          "Y": 102.0,
          "Storage": "{\"$type\":\"Artemis.Storage.Entities.Profile.DataModelPathEntity, Artemis.Storage\",\"Path\":\"RunningProcesses\",\"DataModelId\":\"Artemis.Plugins.Modules.Processes.ProcessesModule-7c490c59\",\"Type\":\"System.Collections.Generic.List`1[[System.String, System.Private.CoreLib, Version=7.0.0.0, Culture=neutral, PublicKeyToken=7cec85d7bea7798e]]\"}",
          "PinCollections": {
            "$type": "System.Collections.Generic.List`1[[Artemis.Storage.Entities.Profile.Nodes.NodePinCollectionEntity, Artemis.Storage]], System.Private.CoreLib",
            "$values": []
          }
        },
        {
          "$type": "Artemis.Storage.Entities.Profile.Nodes.NodeEntity, Artemis.Storage",
          "Id": "9fabfc07-1719-433d-9a3e-c4ca7a673d4d",
          "Type": "ListOperatorNode",
          "PluginId": "ffffffff-ffff-ffff-ffff-ffffffffffff",
          "Name": "List Operator (Simple)",
          "Description": "Checks if any/all/no values in the input list match the input value",
          "IsExitNode": false,
          "X": -840.0,
          "Y": 115.0,
          "Storage": "0",
          "PinCollections": {
            "$type": "System.Collections.Generic.List`1[[Artemis.Storage.Entities.Profile.Nodes.NodePinCollectionEntity, Artemis.Storage]], System.Private.CoreLib",
            "$values": []
          }
        },
        {
          "$type": "Artemis.Storage.Entities.Profile.Nodes.NodeEntity, Artemis.Storage",
          "Id": "9a3eacf8-45f7-4eb0-8dee-0b8a5e880d67",
          "Type": "StaticStringValueNode",
          "PluginId": "ffffffff-ffff-ffff-ffff-ffffffffffff",
          "Name": "Text",
          "Description": "Outputs a configurable static text value.",
          "IsExitNode": false,
          "X": -1120.0,
          "Y": 194.0,
          "Storage": "\"Spotify\"",
          "PinCollections": {
            "$type": "System.Collections.Generic.List`1[[Artemis.Storage.Entities.Profile.Nodes.NodePinCollectionEntity, Artemis.Storage]], System.Private.CoreLib",
            "$values": []
          }
        },
        {
          "$type": "Artemis.Storage.Entities.Profile.Nodes.NodeEntity, Artemis.Storage",
          "Id": "7a269273-225e-4076-8371-870ae1a0501e",
          "Type": "AndNode",
          "PluginId": "ffffffff-ffff-ffff-ffff-ffffffffffff",
          "Name": "And",
          "Description": "Checks if all inputs are true.",
          "IsExitNode": false,
          "X": -560.0,
          "Y": -3.0,
          "Storage": "",
          "PinCollections": {
            "$type": "System.Collections.Generic.List`1[[Artemis.Storage.Entities.Profile.Nodes.NodePinCollectionEntity, Artemis.Storage]], System.Private.CoreLib",
            "$values": [
              {
                "$type": "Artemis.Storage.Entities.Profile.Nodes.NodePinCollectionEntity, Artemis.Storage",
                "Id": 0,
                "Direction": 0,
                "Amount": 2
              }
            ]
          }
        }
      ]
    },
    "Connections": {
      "$type": "System.Collections.Generic.List`1[[Artemis.Storage.Entities.Profile.Nodes.NodeConnectionEntity, Artemis.Storage]], System.Private.CoreLib",
      "$values": [
        {
          "$type": "Artemis.Storage.Entities.Profile.Nodes.NodeConnectionEntity, Artemis.Storage",
          "SourceType": "Boolean",
          "SourceNode": "410c824d-c5e3-4e3a-8080-d50f6c8b83b8",
          "TargetNode": "3e0596d4-6dee-4b00-9e95-607c8bf2b77b",
          "SourcePinCollectionId": -1,
          "SourcePinId": 0,
          "TargetType": "Boolean",
          "TargetPinCollectionId": -1,
          "TargetPinId": 0
        },
        {
          "$type": "Artemis.Storage.Entities.Profile.Nodes.NodeConnectionEntity, Artemis.Storage",
          "SourceType": "Numeric",
          "SourceNode": "910a315c-cf01-40d7-8cba-1a2984825570",
          "TargetNode": "e767bba0-f33c-475f-a6cc-8639d5bce0cb",
          "SourcePinCollectionId": -1,
          "SourcePinId": 0,
          "TargetType": "Numeric",
          "TargetPinCollectionId": -1,
          "TargetPinId": 0
        },
        {
          "$type": "Artemis.Storage.Entities.Profile.Nodes.NodeConnectionEntity, Artemis.Storage",
          "SourceType": "Object",
          "SourceNode": "910a315c-cf01-40d7-8cba-1a2984825570",
          "TargetNode": "24b4a277-7c1f-4ae9-8e67-758f744f759b",
          "SourcePinCollectionId": 0,
          "SourcePinId": 0,
          "TargetType": "Boolean",
          "TargetPinCollectionId": -1,
          "TargetPinId": 0
        },
        {
          "$type": "Artemis.Storage.Entities.Profile.Nodes.NodeConnectionEntity, Artemis.Storage",
          "SourceType": "Boolean",
          "SourceNode": "aaf27820-17f2-4ad7-94f6-334fc95afb06",
          "TargetNode": "8687d07d-c1cd-4e54-a111-8de46c0c7d4b",
          "SourcePinCollectionId": -1,
          "SourcePinId": 0,
          "TargetType": "Boolean",
          "TargetPinCollectionId": -1,
          "TargetPinId": 0
        },
        {
          "$type": "Artemis.Storage.Entities.Profile.Nodes.NodeConnectionEntity, Artemis.Storage",
          "SourceType": "Object",
          "SourceNode": "ab3f1d8f-c774-4c91-b835-6b9f6eb95fa7",
          "TargetNode": "aaf27820-17f2-4ad7-94f6-334fc95afb06",
          "SourcePinCollectionId": -1,
          "SourcePinId": 0,
          "TargetType": "Boolean",
          "TargetPinCollectionId": -1,
          "TargetPinId": 1
        },
        {
          "$type": "Artemis.Storage.Entities.Profile.Nodes.NodeConnectionEntity, Artemis.Storage",
          "SourceType": "Object",
          "SourceNode": "ab3f1d8f-c774-4c91-b835-6b9f6eb95fa7",
          "TargetNode": "f3b83012-cf6f-498c-888d-4d9e13ebdd89",
          "SourcePinCollectionId": -1,
          "SourcePinId": 1,
          "TargetType": "Boolean",
          "TargetPinCollectionId": -1,
          "TargetPinId": 1
        },
        {
          "$type": "Artemis.Storage.Entities.Profile.Nodes.NodeConnectionEntity, Artemis.Storage",
          "SourceType": "Boolean",
          "SourceNode": "f3b83012-cf6f-498c-888d-4d9e13ebdd89",
          "TargetNode": "c949839d-779a-4da8-816f-213293ede871",
          "SourcePinCollectionId": -1,
          "SourcePinId": 0,
          "TargetType": "Boolean",
          "TargetPinCollectionId": -1,
          "TargetPinId": 0
        },
        {
          "$type": "Artemis.Storage.Entities.Profile.Nodes.NodeConnectionEntity, Artemis.Storage",
          "SourceType": "Boolean",
          "SourceNode": "3e0596d4-6dee-4b00-9e95-607c8bf2b77b",
          "TargetNode": "7a269273-225e-4076-8371-870ae1a0501e",
          "SourcePinCollectionId": 0,
          "SourcePinId": 0,
          "TargetType": "Boolean",
          "TargetPinCollectionId": -1,
          "TargetPinId": 0
        },
        {
          "$type": "Artemis.Storage.Entities.Profile.Nodes.NodeConnectionEntity, Artemis.Storage",
          "SourceType": "Boolean",
          "SourceNode": "3e0596d4-6dee-4b00-9e95-607c8bf2b77b",
          "TargetNode": "ab3f1d8f-c774-4c91-b835-6b9f6eb95fa7",
          "SourcePinCollectionId": 0,
          "SourcePinId": 1,
          "TargetType": "Boolean",
          "TargetPinCollectionId": -1,
          "TargetPinId": 2
        },
        {
          "$type": "Artemis.Storage.Entities.Profile.Nodes.NodeConnectionEntity, Artemis.Storage",
          "SourceType": "IList",
          "SourceNode": "9fabfc07-1719-433d-9a3e-c4ca7a673d4d",
          "TargetNode": "a89568bb-bed4-42af-99ff-9bcc0865fede",
          "SourcePinCollectionId": -1,
          "SourcePinId": 0,
          "TargetType": "List`1",
          "TargetPinCollectionId": -1,
          "TargetPinId": 0
        },
        {
          "$type": "Artemis.Storage.Entities.Profile.Nodes.NodeConnectionEntity, Artemis.Storage",
          "SourceType": "Object",
          "SourceNode": "9fabfc07-1719-433d-9a3e-c4ca7a673d4d",
          "TargetNode": "9a3eacf8-45f7-4eb0-8dee-0b8a5e880d67",
          "SourcePinCollectionId": -1,
          "SourcePinId": 1,
          "TargetType": "String",
          "TargetPinCollectionId": -1,
          "TargetPinId": 0
        },
        {
          "$type": "Artemis.Storage.Entities.Profile.Nodes.NodeConnectionEntity, Artemis.Storage",
          "SourceType": "Boolean",
          "SourceNode": "7a269273-225e-4076-8371-870ae1a0501e",
          "TargetNode": "910a315c-cf01-40d7-8cba-1a2984825570",
          "SourcePinCollectionId": 0,
          "SourcePinId": 0,
          "TargetType": "Boolean",
          "TargetPinCollectionId": -1,
          "TargetPinId": 3
        },
        {
          "$type": "Artemis.Storage.Entities.Profile.Nodes.NodeConnectionEntity, Artemis.Storage",
          "SourceType": "Boolean",
          "SourceNode": "7a269273-225e-4076-8371-870ae1a0501e",
          "TargetNode": "9fabfc07-1719-433d-9a3e-c4ca7a673d4d",
          "SourcePinCollectionId": 0,
          "SourcePinId": 1,
          "TargetType": "Boolean",
          "TargetPinCollectionId": -1,
          "TargetPinId": 2
        }
      ]
    }
  },
  "HotkeyMode": 0,
  "EnableHotkey": null,
  "DisableHotkey": null,
  "ModuleId": null,
  "ProfileCategoryId": "46d3ac16-e7f3-473a-9377-c7fe3e89e342",
  "ProfileId": "8ba7536b-4984-4fdc-8e6c-62735d077e2b",
  "FadeInAndOut": false
}