{
  "$type": "Artemis.Storage.Entities.Profile.ProfileConfigurationEntity, Artemis.Storage",
  "Name": "Borealis",
  "MaterialIcon": "Waveform",
  "FileIconId": "00000000-0000-0000-0000-000000000000",
  "IconType": 0,
  "IconFill": false,
  "Order": 2,
  "IsSuspended": false,
  "ActivationBehaviour": 0,
  "ActivationCondition": {
    "$type": "Artemis.Storage.Entities.Profile.Nodes.NodeScriptEntity, Artemis.Storage",
    "Name": "Activate profile",
    "Description": "Whether or not the profile should be active",
    "Nodes": {
      "$type": "System.Collections.Generic.List`1[[Artemis.Storage.Entities.Profile.Nodes.NodeEntity, Artemis.Storage]], System.Private.CoreLib",
      "$values": [
        {
          "$type": "Artemis.Storage.Entities.Profile.Nodes.NodeEntity, Artemis.Storage",
          "Id": "410c824d-c5e3-4e3a-8080-d50f6c8b83b8",
          "Type": "ExitNode`1",
          "PluginId": "ffffffff-ffff-ffff-ffff-ffffffffffff",
          "Name": "Activate profile",
          "Description": "Whether or not the profile should be active",
          "IsExitNode": true,
          "X": 70.0,
          "Y": -40.0,
          "Storage": "",
          "PinCollections": {
            "$type": "System.Collections.Generic.List`1[[Artemis.Storage.Entities.Profile.Nodes.NodePinCollectionEntity, Artemis.Storage]], System.Private.CoreLib",
            "$values": []
          }
        },
        {
          "$type": "Artemis.Storage.Entities.Profile.Nodes.NodeEntity, Artemis.Storage",
          "Id": "8362d80b-f94e-4678-aab8-a43cb684f494",
          "Type": "DataModelNode",
          "PluginId": "ffffffff-ffff-ffff-ffff-ffffffffffff",
          "Name": "Data Model-Value",
          "Description": "Outputs a selectable data model value.",
          "IsExitNode": false,
          "X": -840.0,
          "Y": -82.0,
          "Storage": "{\"$type\":\"Artemis.Storage.Entities.Profile.DataModelPathEntity, Artemis.Storage\",\"Path\":\"5497995b-551e-41f6-aeaf-cd70a43833bc.984df868-c25b-4fab-84b7-08827a46e131.ActivationConditionMet\",\"DataModelId\":\"Artemis.Plugins.Modules.Profiles.ProfilesModule-b79d14b5\",\"Type\":\"System.Boolean\"}",
          "PinCollections": {
            "$type": "System.Collections.Generic.List`1[[Artemis.Storage.Entities.Profile.Nodes.NodePinCollectionEntity, Artemis.Storage]], System.Private.CoreLib",
            "$values": []
          }
        },
        {
          "$type": "Artemis.Storage.Entities.Profile.Nodes.NodeEntity, Artemis.Storage",
          "Id": "50fe166c-db2f-4915-84a3-d9527ac750ac",
          "Type": "NegateNode",
          "PluginId": "ffffffff-ffff-ffff-ffff-ffffffffffff",
          "Name": "Negate",
          "Description": "Negates the boolean.",
          "IsExitNode": false,
          "X": -500.0,
          "Y": -80.0,
          "Storage": "",
          "PinCollections": {
            "$type": "System.Collections.Generic.List`1[[Artemis.Storage.Entities.Profile.Nodes.NodePinCollectionEntity, Artemis.Storage]], System.Private.CoreLib",
            "$values": []
          }
        },
        {
          "$type": "Artemis.Storage.Entities.Profile.Nodes.NodeEntity, Artemis.Storage",
          "Id": "cc6010b9-4f48-46f7-932f-933e60259c98",
          "Type": "DataModelNode",
          "PluginId": "ffffffff-ffff-ffff-ffff-ffffffffffff",
          "Name": "Data Model-Value",
          "Description": "Outputs a selectable data model value.",
          "IsExitNode": false,
          "X": -840.0,
          "Y": 10.0,
          "Storage": "{\"$type\":\"Artemis.Storage.Entities.Profile.DataModelPathEntity, Artemis.Storage\",\"Path\":\"5497995b-551e-41f6-aeaf-cd70a43833bc.8a577568-f6f8-4c46-a273-94b73bfad8bf.ActivationConditionMet\",\"DataModelId\":\"Artemis.Plugins.Modules.Profiles.ProfilesModule-b79d14b5\",\"Type\":\"System.Boolean\"}",
          "PinCollections": {
            "$type": "System.Collections.Generic.List`1[[Artemis.Storage.Entities.Profile.Nodes.NodePinCollectionEntity, Artemis.Storage]], System.Private.CoreLib",
            "$values": []
          }
        },
        {
          "$type": "Artemis.Storage.Entities.Profile.Nodes.NodeEntity, Artemis.Storage",
          "Id": "ec35b0da-bb0a-4b54-8616-87de99955c88",
          "Type": "NegateNode",
          "PluginId": "ffffffff-ffff-ffff-ffff-ffffffffffff",
          "Name": "Negate",
          "Description": "Negates the boolean.",
          "IsExitNode": false,
          "X": -500.0,
          "Y": 10.0,
          "Storage": "",
          "PinCollections": {
            "$type": "System.Collections.Generic.List`1[[Artemis.Storage.Entities.Profile.Nodes.NodePinCollectionEntity, Artemis.Storage]], System.Private.CoreLib",
            "$values": []
          }
        },
        {
          "$type": "Artemis.Storage.Entities.Profile.Nodes.NodeEntity, Artemis.Storage",
          "Id": "24c124a2-78e1-45a7-be03-ee3252f5263e",
          "Type": "XorNode",
          "PluginId": "ffffffff-ffff-ffff-ffff-ffffffffffff",
          "Name": "Exclusive Or",
          "Description": "Checks if one of the inputs is true.",
          "IsExitNode": false,
          "X": -310.0,
          "Y": -50.0,
          "Storage": "",
          "PinCollections": {
            "$type": "System.Collections.Generic.List`1[[Artemis.Storage.Entities.Profile.Nodes.NodePinCollectionEntity, Artemis.Storage]], System.Private.CoreLib",
            "$values": [
              {
                "$type": "Artemis.Storage.Entities.Profile.Nodes.NodePinCollectionEntity, Artemis.Storage",
                "Id": 0,
                "Direction": 0,
                "Amount": 2
              }
            ]
          }
        },
        {
          "$type": "Artemis.Storage.Entities.Profile.Nodes.NodeEntity, Artemis.Storage",
          "Id": "045d762d-e216-4b82-902e-bee85df42389",
          "Type": "NegateNode",
          "PluginId": "ffffffff-ffff-ffff-ffff-ffffffffffff",
          "Name": "Negate",
          "Description": "Negates the boolean.",
          "IsExitNode": false,
          "X": -120.0,
          "Y": -50.0,
          "Storage": "",
          "PinCollections": {
            "$type": "System.Collections.Generic.List`1[[Artemis.Storage.Entities.Profile.Nodes.NodePinCollectionEntity, Artemis.Storage]], System.Private.CoreLib",
            "$values": []
          }
        }
      ]
    },
    "Connections": {
      "$type": "System.Collections.Generic.List`1[[Artemis.Storage.Entities.Profile.Nodes.NodeConnectionEntity, Artemis.Storage]], System.Private.CoreLib",
      "$values": [
        {
          "$type": "Artemis.Storage.Entities.Profile.Nodes.NodeConnectionEntity, Artemis.Storage",
          "SourceType": "Boolean",
          "SourceNode": "410c824d-c5e3-4e3a-8080-d50f6c8b83b8",
          "TargetNode": "045d762d-e216-4b82-902e-bee85df42389",
          "SourcePinCollectionId": -1,
          "SourcePinId": 0,
          "TargetType": "Boolean",
          "TargetPinCollectionId": -1,
          "TargetPinId": 1
        },
        {
          "$type": "Artemis.Storage.Entities.Profile.Nodes.NodeConnectionEntity, Artemis.Storage",
          "SourceType": "Boolean",
          "SourceNode": "50fe166c-db2f-4915-84a3-d9527ac750ac",
          "TargetNode": "8362d80b-f94e-4678-aab8-a43cb684f494",
          "SourcePinCollectionId": -1,
          "SourcePinId": 0,
          "TargetType": "Boolean",
          "TargetPinCollectionId": -1,
          "TargetPinId": 0
        },
        {
          "$type": "Artemis.Storage.Entities.Profile.Nodes.NodeConnectionEntity, Artemis.Storage",
          "SourceType": "Boolean",
          "SourceNode": "ec35b0da-bb0a-4b54-8616-87de99955c88",
          "TargetNode": "cc6010b9-4f48-46f7-932f-933e60259c98",
          "SourcePinCollectionId": -1,
          "SourcePinId": 0,
          "TargetType": "Boolean",
          "TargetPinCollectionId": -1,
          "TargetPinId": 0
        },
        {
          "$type": "Artemis.Storage.Entities.Profile.Nodes.NodeConnectionEntity, Artemis.Storage",
          "SourceType": "Boolean",
          "SourceNode": "24c124a2-78e1-45a7-be03-ee3252f5263e",
          "TargetNode": "50fe166c-db2f-4915-84a3-d9527ac750ac",
          "SourcePinCollectionId": 0,
          "SourcePinId": 0,
          "TargetType": "Boolean",
          "TargetPinCollectionId": -1,
          "TargetPinId": 1
        },
        {
          "$type": "Artemis.Storage.Entities.Profile.Nodes.NodeConnectionEntity, Artemis.Storage",
          "SourceType": "Boolean",
          "SourceNode": "24c124a2-78e1-45a7-be03-ee3252f5263e",
          "TargetNode": "ec35b0da-bb0a-4b54-8616-87de99955c88",
          "SourcePinCollectionId": 0,
          "SourcePinId": 1,
          "TargetType": "Boolean",
          "TargetPinCollectionId": -1,
          "TargetPinId": 1
        },
        {
          "$type": "Artemis.Storage.Entities.Profile.Nodes.NodeConnectionEntity, Artemis.Storage",
          "SourceType": "Boolean",
          "SourceNode": "045d762d-e216-4b82-902e-bee85df42389",
          "TargetNode": "24c124a2-78e1-45a7-be03-ee3252f5263e",
          "SourcePinCollectionId": -1,
          "SourcePinId": 0,
          "TargetType": "Boolean",
          "TargetPinCollectionId": -1,
          "TargetPinId": 0
        }
      ]
    }
  },
  "HotkeyMode": 0,
  "EnableHotkey": null,
  "DisableHotkey": null,
  "ModuleId": null,
  "ProfileCategoryId": "5497995b-551e-41f6-aeaf-cd70a43833bc",
  "ProfileId": "312e295d-ff37-4d42-939b-f3ae4d1688bc",
  "FadeInAndOut": true
}