{
  "$type": "Artemis.Storage.Entities.Profile.ProfileEntity, Artemis.Storage",
  "Id": "362fe6c3-4c92-457a-9e02-5a3f768157bb",
  "Name": "Borealis - imported",
  "IsFreshImport": false,
  "Folders": {
    "$type": "System.Collections.Generic.List`1[[Artemis.Storage.Entities.Profile.FolderEntity, Artemis.Storage]], System.Private.CoreLib",
    "$values": [
      {
        "$type": "Artemis.Storage.Entities.Profile.FolderEntity, Artemis.Storage",
        "Order": 1,
        "Name": "Root folder",
        "IsExpanded": false,
        "Suspended": false,
        "Profile": null,
        "ProfileId": "362fe6c3-4c92-457a-9e02-5a3f768157bb",
        "Id": "69995cfa-4308-474c-b0ec-433a0f99ad84",
        "ParentId": "362fe6c3-4c92-457a-9e02-5a3f768157bb",
        "LayerEffects": {
          "$type": "System.Collections.Generic.List`1[[Artemis.Storage.Entities.Profile.LayerEffectEntity, Artemis.Storage]], System.Private.CoreLib",
          "$values": []
        },
        "DisplayCondition": {
          "$type": "Artemis.Storage.Entities.Profile.Conditions.AlwaysOnConditionEntity, Artemis.Storage"
        },
        "Timeline": {
          "$type": "Artemis.Storage.Entities.Profile.TimelineEntity, Artemis.Storage",
          "StartSegmentLength": "00:00:00",
          "MainSegmentLength": "00:00:05",
          "EndSegmentLength": "00:00:00"
        }
      }
    ]
  },
  "Layers": {
    "$type": "System.Collections.Generic.List`1[[Artemis.Storage.Entities.Profile.LayerEntity, Artemis.Storage]], System.Private.CoreLib",
    "$values": [
      {
        "$type": "Artemis.Storage.Entities.Profile.LayerEntity, Artemis.Storage",
        "Order": 1,
        "Name": "Non Addresable & single led devices",
        "Suspended": false,
        "Leds": {
          "$type": "System.Collections.Generic.List`1[[Artemis.Storage.Entities.Profile.LedEntity, Artemis.Storage]], System.Private.CoreLib",
          "$values": [
            {
              "$type": "Artemis.Storage.Entities.Profile.LedEntity, Artemis.Storage",
              "LedName": "Keyboard_Escape",
              "DeviceIdentifier": "Wooting Wooting Two HE (ARM)-Wooting-Wooting Two HE (ARM)-Keyboard",
              "PhysicalLayout": 1
            },
            {
              "$type": "Artemis.Storage.Entities.Profile.LedEntity, Artemis.Storage",
              "LedName": "Keyboard_F1",
              "DeviceIdentifier": "Wooting Wooting Two HE (ARM)-Wooting-Wooting Two HE (ARM)-Keyboard",
              "PhysicalLayout": 1
            },
            {
              "$type": "Artemis.Storage.Entities.Profile.LedEntity, Artemis.Storage",
              "LedName": "Keyboard_F2",
              "DeviceIdentifier": "Wooting Wooting Two HE (ARM)-Wooting-Wooting Two HE (ARM)-Keyboard",
              "PhysicalLayout": 1
            },
            {
              "$type": "Artemis.Storage.Entities.Profile.LedEntity, Artemis.Storage",
              "LedName": "Keyboard_F3",
              "DeviceIdentifier": "Wooting Wooting Two HE (ARM)-Wooting-Wooting Two HE (ARM)-Keyboard",
              "PhysicalLayout": 1
            },
            {
              "$type": "Artemis.Storage.Entities.Profile.LedEntity, Artemis.Storage",
              "LedName": "Keyboard_F4",
              "DeviceIdentifier": "Wooting Wooting Two HE (ARM)-Wooting-Wooting Two HE (ARM)-Keyboard",
              "PhysicalLayout": 1
            },
            {
              "$type": "Artemis.Storage.Entities.Profile.LedEntity, Artemis.Storage",
              "LedName": "Keyboard_F5",
              "DeviceIdentifier": "Wooting Wooting Two HE (ARM)-Wooting-Wooting Two HE (ARM)-Keyboard",
              "PhysicalLayout": 1
            },
            {
              "$type": "Artemis.Storage.Entities.Profile.LedEntity, Artemis.Storage",
              "LedName": "Keyboard_F6",
              "DeviceIdentifier": "Wooting Wooting Two HE (ARM)-Wooting-Wooting Two HE (ARM)-Keyboard",
              "PhysicalLayout": 1
            },
            {
              "$type": "Artemis.Storage.Entities.Profile.LedEntity, Artemis.Storage",
              "LedName": "Keyboard_F7",
              "DeviceIdentifier": "Wooting Wooting Two HE (ARM)-Wooting-Wooting Two HE (ARM)-Keyboard",
              "PhysicalLayout": 1
            },
            {
              "$type": "Artemis.Storage.Entities.Profile.LedEntity, Artemis.Storage",
              "LedName": "Keyboard_F8",
              "DeviceIdentifier": "Wooting Wooting Two HE (ARM)-Wooting-Wooting Two HE (ARM)-Keyboard",
              "PhysicalLayout": 1
            },
            {
              "$type": "Artemis.Storage.Entities.Profile.LedEntity, Artemis.Storage",
              "LedName": "Keyboard_F9",
              "DeviceIdentifier": "Wooting Wooting Two HE (ARM)-Wooting-Wooting Two HE (ARM)-Keyboard",
              "PhysicalLayout": 1
            },
            {
              "$type": "Artemis.Storage.Entities.Profile.LedEntity, Artemis.Storage",
              "LedName": "Keyboard_F10",
              "DeviceIdentifier": "Wooting Wooting Two HE (ARM)-Wooting-Wooting Two HE (ARM)-Keyboard",
              "PhysicalLayout": 1
            },
            {
              "$type": "Artemis.Storage.Entities.Profile.LedEntity, Artemis.Storage",
              "LedName": "Keyboard_F11",
              "DeviceIdentifier": "Wooting Wooting Two HE (ARM)-Wooting-Wooting Two HE (ARM)-Keyboard",
              "PhysicalLayout": 1
            },
            {
              "$type": "Artemis.Storage.Entities.Profile.LedEntity, Artemis.Storage",
              "LedName": "Keyboard_F12",
              "DeviceIdentifier": "Wooting Wooting Two HE (ARM)-Wooting-Wooting Two HE (ARM)-Keyboard",
              "PhysicalLayout": 1
            },
            {
              "$type": "Artemis.Storage.Entities.Profile.LedEntity, Artemis.Storage",
              "LedName": "Keyboard_PrintScreen",
              "DeviceIdentifier": "Wooting Wooting Two HE (ARM)-Wooting-Wooting Two HE (ARM)-Keyboard",
              "PhysicalLayout": 1
            },
            {
              "$type": "Artemis.Storage.Entities.Profile.LedEntity, Artemis.Storage",
              "LedName": "Keyboard_PauseBreak",
              "DeviceIdentifier": "Wooting Wooting Two HE (ARM)-Wooting-Wooting Two HE (ARM)-Keyboard",
              "PhysicalLayout": 1
            },
            {
              "$type": "Artemis.Storage.Entities.Profile.LedEntity, Artemis.Storage",
              "LedName": "Keyboard_ScrollLock",
              "DeviceIdentifier": "Wooting Wooting Two HE (ARM)-Wooting-Wooting Two HE (ARM)-Keyboard",
              "PhysicalLayout": 1
            },
            {
              "$type": "Artemis.Storage.Entities.Profile.LedEntity, Artemis.Storage",
              "LedName": "Keyboard_Custom1",
              "DeviceIdentifier": "Wooting Wooting Two HE (ARM)-Wooting-Wooting Two HE (ARM)-Keyboard",
              "PhysicalLayout": 1
            },
            {
              "$type": "Artemis.Storage.Entities.Profile.LedEntity, Artemis.Storage",
              "LedName": "Keyboard_Custom2",
              "DeviceIdentifier": "Wooting Wooting Two HE (ARM)-Wooting-Wooting Two HE (ARM)-Keyboard",
              "PhysicalLayout": 1
            },
            {
              "$type": "Artemis.Storage.Entities.Profile.LedEntity, Artemis.Storage",
              "LedName": "Keyboard_Custom3",
              "DeviceIdentifier": "Wooting Wooting Two HE (ARM)-Wooting-Wooting Two HE (ARM)-Keyboard",
              "PhysicalLayout": 1
            },
            {
              "$type": "Artemis.Storage.Entities.Profile.LedEntity, Artemis.Storage",
              "LedName": "Keyboard_Custom4",
              "DeviceIdentifier": "Wooting Wooting Two HE (ARM)-Wooting-Wooting Two HE (ARM)-Keyboard",
              "PhysicalLayout": 1
            },
            {
              "$type": "Artemis.Storage.Entities.Profile.LedEntity, Artemis.Storage",
              "LedName": "Keyboard_GraveAccentAndTilde",
              "DeviceIdentifier": "Wooting Wooting Two HE (ARM)-Wooting-Wooting Two HE (ARM)-Keyboard",
              "PhysicalLayout": 1
            },
            {
              "$type": "Artemis.Storage.Entities.Profile.LedEntity, Artemis.Storage",
              "LedName": "Keyboard_1",
              "DeviceIdentifier": "Wooting Wooting Two HE (ARM)-Wooting-Wooting Two HE (ARM)-Keyboard",
              "PhysicalLayout": 1
            },
            {
              "$type": "Artemis.Storage.Entities.Profile.LedEntity, Artemis.Storage",
              "LedName": "Keyboard_2",
              "DeviceIdentifier": "Wooting Wooting Two HE (ARM)-Wooting-Wooting Two HE (ARM)-Keyboard",
              "PhysicalLayout": 1
            },
            {
              "$type": "Artemis.Storage.Entities.Profile.LedEntity, Artemis.Storage",
              "LedName": "Keyboard_3",
              "DeviceIdentifier": "Wooting Wooting Two HE (ARM)-Wooting-Wooting Two HE (ARM)-Keyboard",
              "PhysicalLayout": 1
            },
            {
              "$type": "Artemis.Storage.Entities.Profile.LedEntity, Artemis.Storage",
              "LedName": "Keyboard_4",
              "DeviceIdentifier": "Wooting Wooting Two HE (ARM)-Wooting-Wooting Two HE (ARM)-Keyboard",
              "PhysicalLayout": 1
            },
            {
              "$type": "Artemis.Storage.Entities.Profile.LedEntity, Artemis.Storage",
              "LedName": "Keyboard_5",
              "DeviceIdentifier": "Wooting Wooting Two HE (ARM)-Wooting-Wooting Two HE (ARM)-Keyboard",
              "PhysicalLayout": 1
            },
            {
              "$type": "Artemis.Storage.Entities.Profile.LedEntity, Artemis.Storage",
              "LedName": "Keyboard_6",
              "DeviceIdentifier": "Wooting Wooting Two HE (ARM)-Wooting-Wooting Two HE (ARM)-Keyboard",
              "PhysicalLayout": 1
            },
            {
              "$type": "Artemis.Storage.Entities.Profile.LedEntity, Artemis.Storage",
              "LedName": "Keyboard_7",
              "DeviceIdentifier": "Wooting Wooting Two HE (ARM)-Wooting-Wooting Two HE (ARM)-Keyboard",
              "PhysicalLayout": 1
            },
            {
              "$type": "Artemis.Storage.Entities.Profile.LedEntity, Artemis.Storage",
              "LedName": "Keyboard_8",
              "DeviceIdentifier": "Wooting Wooting Two HE (ARM)-Wooting-Wooting Two HE (ARM)-Keyboard",
              "PhysicalLayout": 1
            },
            {
              "$type": "Artemis.Storage.Entities.Profile.LedEntity, Artemis.Storage",
              "LedName": "Keyboard_9",
              "DeviceIdentifier": "Wooting Wooting Two HE (ARM)-Wooting-Wooting Two HE (ARM)-Keyboard",
              "PhysicalLayout": 1
            },
            {
              "$type": "Artemis.Storage.Entities.Profile.LedEntity, Artemis.Storage",
              "LedName": "Keyboard_0",
              "DeviceIdentifier": "Wooting Wooting Two HE (ARM)-Wooting-Wooting Two HE (ARM)-Keyboard",
              "PhysicalLayout": 1
            },
            {
              "$type": "Artemis.Storage.Entities.Profile.LedEntity, Artemis.Storage",
              "LedName": "Keyboard_MinusAndUnderscore",
              "DeviceIdentifier": "Wooting Wooting Two HE (ARM)-Wooting-Wooting Two HE (ARM)-Keyboard",
              "PhysicalLayout": 1
            },
            {
              "$type": "Artemis.Storage.Entities.Profile.LedEntity, Artemis.Storage",
              "LedName": "Keyboard_EqualsAndPlus",
              "DeviceIdentifier": "Wooting Wooting Two HE (ARM)-Wooting-Wooting Two HE (ARM)-Keyboard",
              "PhysicalLayout": 1
            },
            {
              "$type": "Artemis.Storage.Entities.Profile.LedEntity, Artemis.Storage",
              "LedName": "Keyboard_Backspace",
              "DeviceIdentifier": "Wooting Wooting Two HE (ARM)-Wooting-Wooting Two HE (ARM)-Keyboard",
              "PhysicalLayout": 1
            },
            {
              "$type": "Artemis.Storage.Entities.Profile.LedEntity, Artemis.Storage",
              "LedName": "Keyboard_Insert",
              "DeviceIdentifier": "Wooting Wooting Two HE (ARM)-Wooting-Wooting Two HE (ARM)-Keyboard",
              "PhysicalLayout": 1
            },
            {
              "$type": "Artemis.Storage.Entities.Profile.LedEntity, Artemis.Storage",
              "LedName": "Keyboard_Home",
              "DeviceIdentifier": "Wooting Wooting Two HE (ARM)-Wooting-Wooting Two HE (ARM)-Keyboard",
              "PhysicalLayout": 1
            },
            {
              "$type": "Artemis.Storage.Entities.Profile.LedEntity, Artemis.Storage",
              "LedName": "Keyboard_PageUp",
              "DeviceIdentifier": "Wooting Wooting Two HE (ARM)-Wooting-Wooting Two HE (ARM)-Keyboard",
              "PhysicalLayout": 1
            },
            {
              "$type": "Artemis.Storage.Entities.Profile.LedEntity, Artemis.Storage",
              "LedName": "Keyboard_NumLock",
              "DeviceIdentifier": "Wooting Wooting Two HE (ARM)-Wooting-Wooting Two HE (ARM)-Keyboard",
              "PhysicalLayout": 1
            },
            {
              "$type": "Artemis.Storage.Entities.Profile.LedEntity, Artemis.Storage",
              "LedName": "Keyboard_NumSlash",
              "DeviceIdentifier": "Wooting Wooting Two HE (ARM)-Wooting-Wooting Two HE (ARM)-Keyboard",
              "PhysicalLayout": 1
            },
            {
              "$type": "Artemis.Storage.Entities.Profile.LedEntity, Artemis.Storage",
              "LedName": "Keyboard_NumAsterisk",
              "DeviceIdentifier": "Wooting Wooting Two HE (ARM)-Wooting-Wooting Two HE (ARM)-Keyboard",
              "PhysicalLayout": 1
            },
            {
              "$type": "Artemis.Storage.Entities.Profile.LedEntity, Artemis.Storage",
              "LedName": "Keyboard_NumMinus",
              "DeviceIdentifier": "Wooting Wooting Two HE (ARM)-Wooting-Wooting Two HE (ARM)-Keyboard",
              "PhysicalLayout": 1
            },
            {
              "$type": "Artemis.Storage.Entities.Profile.LedEntity, Artemis.Storage",
              "LedName": "Keyboard_Tab",
              "DeviceIdentifier": "Wooting Wooting Two HE (ARM)-Wooting-Wooting Two HE (ARM)-Keyboard",
              "PhysicalLayout": 1
            },
            {
              "$type": "Artemis.Storage.Entities.Profile.LedEntity, Artemis.Storage",
              "LedName": "Keyboard_Q",
              "DeviceIdentifier": "Wooting Wooting Two HE (ARM)-Wooting-Wooting Two HE (ARM)-Keyboard",
              "PhysicalLayout": 1
            },
            {
              "$type": "Artemis.Storage.Entities.Profile.LedEntity, Artemis.Storage",
              "LedName": "Keyboard_W",
              "DeviceIdentifier": "Wooting Wooting Two HE (ARM)-Wooting-Wooting Two HE (ARM)-Keyboard",
              "PhysicalLayout": 1
            },
            {
              "$type": "Artemis.Storage.Entities.Profile.LedEntity, Artemis.Storage",
              "LedName": "Keyboard_E",
              "DeviceIdentifier": "Wooting Wooting Two HE (ARM)-Wooting-Wooting Two HE (ARM)-Keyboard",
              "PhysicalLayout": 1
            },
            {
              "$type": "Artemis.Storage.Entities.Profile.LedEntity, Artemis.Storage",
              "LedName": "Keyboard_R",
              "DeviceIdentifier": "Wooting Wooting Two HE (ARM)-Wooting-Wooting Two HE (ARM)-Keyboard",
              "PhysicalLayout": 1
            },
            {
              "$type": "Artemis.Storage.Entities.Profile.LedEntity, Artemis.Storage",
              "LedName": "Keyboard_T",
              "DeviceIdentifier": "Wooting Wooting Two HE (ARM)-Wooting-Wooting Two HE (ARM)-Keyboard",
              "PhysicalLayout": 1
            },
            {
              "$type": "Artemis.Storage.Entities.Profile.LedEntity, Artemis.Storage",
              "LedName": "Keyboard_Y",
              "DeviceIdentifier": "Wooting Wooting Two HE (ARM)-Wooting-Wooting Two HE (ARM)-Keyboard",
              "PhysicalLayout": 1
            },
            {
              "$type": "Artemis.Storage.Entities.Profile.LedEntity, Artemis.Storage",
              "LedName": "Keyboard_U",
              "DeviceIdentifier": "Wooting Wooting Two HE (ARM)-Wooting-Wooting Two HE (ARM)-Keyboard",
              "PhysicalLayout": 1
            },
            {
              "$type": "Artemis.Storage.Entities.Profile.LedEntity, Artemis.Storage",
              "LedName": "Keyboard_I",
              "DeviceIdentifier": "Wooting Wooting Two HE (ARM)-Wooting-Wooting Two HE (ARM)-Keyboard",
              "PhysicalLayout": 1
            },
            {
              "$type": "Artemis.Storage.Entities.Profile.LedEntity, Artemis.Storage",
              "LedName": "Keyboard_O",
              "DeviceIdentifier": "Wooting Wooting Two HE (ARM)-Wooting-Wooting Two HE (ARM)-Keyboard",
              "PhysicalLayout": 1
            },
            {
              "$type": "Artemis.Storage.Entities.Profile.LedEntity, Artemis.Storage",
              "LedName": "Keyboard_P",
              "DeviceIdentifier": "Wooting Wooting Two HE (ARM)-Wooting-Wooting Two HE (ARM)-Keyboard",
              "PhysicalLayout": 1
            },
            {
              "$type": "Artemis.Storage.Entities.Profile.LedEntity, Artemis.Storage",
              "LedName": "Keyboard_BracketLeft",
              "DeviceIdentifier": "Wooting Wooting Two HE (ARM)-Wooting-Wooting Two HE (ARM)-Keyboard",
              "PhysicalLayout": 1
            },
            {
              "$type": "Artemis.Storage.Entities.Profile.LedEntity, Artemis.Storage",
              "LedName": "Keyboard_BracketRight",
              "DeviceIdentifier": "Wooting Wooting Two HE (ARM)-Wooting-Wooting Two HE (ARM)-Keyboard",
              "PhysicalLayout": 1
            },
            {
              "$type": "Artemis.Storage.Entities.Profile.LedEntity, Artemis.Storage",
              "LedName": "Keyboard_Backslash",
              "DeviceIdentifier": "Wooting Wooting Two HE (ARM)-Wooting-Wooting Two HE (ARM)-Keyboard",
              "PhysicalLayout": 1
            },
            {
              "$type": "Artemis.Storage.Entities.Profile.LedEntity, Artemis.Storage",
              "LedName": "Keyboard_Delete",
              "DeviceIdentifier": "Wooting Wooting Two HE (ARM)-Wooting-Wooting Two HE (ARM)-Keyboard",
              "PhysicalLayout": 1
            },
            {
              "$type": "Artemis.Storage.Entities.Profile.LedEntity, Artemis.Storage",
              "LedName": "Keyboard_End",
              "DeviceIdentifier": "Wooting Wooting Two HE (ARM)-Wooting-Wooting Two HE (ARM)-Keyboard",
              "PhysicalLayout": 1
            },
            {
              "$type": "Artemis.Storage.Entities.Profile.LedEntity, Artemis.Storage",
              "LedName": "Keyboard_PageDown",
              "DeviceIdentifier": "Wooting Wooting Two HE (ARM)-Wooting-Wooting Two HE (ARM)-Keyboard",
              "PhysicalLayout": 1
            },
            {
              "$type": "Artemis.Storage.Entities.Profile.LedEntity, Artemis.Storage",
              "LedName": "Keyboard_Num7",
              "DeviceIdentifier": "Wooting Wooting Two HE (ARM)-Wooting-Wooting Two HE (ARM)-Keyboard",
              "PhysicalLayout": 1
            },
            {
              "$type": "Artemis.Storage.Entities.Profile.LedEntity, Artemis.Storage",
              "LedName": "Keyboard_Num8",
              "DeviceIdentifier": "Wooting Wooting Two HE (ARM)-Wooting-Wooting Two HE (ARM)-Keyboard",
              "PhysicalLayout": 1
            },
            {
              "$type": "Artemis.Storage.Entities.Profile.LedEntity, Artemis.Storage",
              "LedName": "Keyboard_Num9",
              "DeviceIdentifier": "Wooting Wooting Two HE (ARM)-Wooting-Wooting Two HE (ARM)-Keyboard",
              "PhysicalLayout": 1
            },
            {
              "$type": "Artemis.Storage.Entities.Profile.LedEntity, Artemis.Storage",
              "LedName": "Keyboard_NumPlus",
              "DeviceIdentifier": "Wooting Wooting Two HE (ARM)-Wooting-Wooting Two HE (ARM)-Keyboard",
              "PhysicalLayout": 1
            },
            {
              "$type": "Artemis.Storage.Entities.Profile.LedEntity, Artemis.Storage",
              "LedName": "Keyboard_CapsLock",
              "DeviceIdentifier": "Wooting Wooting Two HE (ARM)-Wooting-Wooting Two HE (ARM)-Keyboard",
              "PhysicalLayout": 1
            },
            {
              "$type": "Artemis.Storage.Entities.Profile.LedEntity, Artemis.Storage",
              "LedName": "Keyboard_A",
              "DeviceIdentifier": "Wooting Wooting Two HE (ARM)-Wooting-Wooting Two HE (ARM)-Keyboard",
              "PhysicalLayout": 1
            },
            {
              "$type": "Artemis.Storage.Entities.Profile.LedEntity, Artemis.Storage",
              "LedName": "Keyboard_S",
              "DeviceIdentifier": "Wooting Wooting Two HE (ARM)-Wooting-Wooting Two HE (ARM)-Keyboard",
              "PhysicalLayout": 1
            },
            {
              "$type": "Artemis.Storage.Entities.Profile.LedEntity, Artemis.Storage",
              "LedName": "Keyboard_D",
              "DeviceIdentifier": "Wooting Wooting Two HE (ARM)-Wooting-Wooting Two HE (ARM)-Keyboard",
              "PhysicalLayout": 1
            },
            {
              "$type": "Artemis.Storage.Entities.Profile.LedEntity, Artemis.Storage",
              "LedName": "Keyboard_F",
              "DeviceIdentifier": "Wooting Wooting Two HE (ARM)-Wooting-Wooting Two HE (ARM)-Keyboard",
              "PhysicalLayout": 1
            },
            {
              "$type": "Artemis.Storage.Entities.Profile.LedEntity, Artemis.Storage",
              "LedName": "Keyboard_G",
              "DeviceIdentifier": "Wooting Wooting Two HE (ARM)-Wooting-Wooting Two HE (ARM)-Keyboard",
              "PhysicalLayout": 1
            },
            {
              "$type": "Artemis.Storage.Entities.Profile.LedEntity, Artemis.Storage",
              "LedName": "Keyboard_H",
              "DeviceIdentifier": "Wooting Wooting Two HE (ARM)-Wooting-Wooting Two HE (ARM)-Keyboard",
              "PhysicalLayout": 1
            },
            {
              "$type": "Artemis.Storage.Entities.Profile.LedEntity, Artemis.Storage",
              "LedName": "Keyboard_J",
              "DeviceIdentifier": "Wooting Wooting Two HE (ARM)-Wooting-Wooting Two HE (ARM)-Keyboard",
              "PhysicalLayout": 1
            },
            {
              "$type": "Artemis.Storage.Entities.Profile.LedEntity, Artemis.Storage",
              "LedName": "Keyboard_K",
              "DeviceIdentifier": "Wooting Wooting Two HE (ARM)-Wooting-Wooting Two HE (ARM)-Keyboard",
              "PhysicalLayout": 1
            },
            {
              "$type": "Artemis.Storage.Entities.Profile.LedEntity, Artemis.Storage",
              "LedName": "Keyboard_L",
              "DeviceIdentifier": "Wooting Wooting Two HE (ARM)-Wooting-Wooting Two HE (ARM)-Keyboard",
              "PhysicalLayout": 1
            },
            {
              "$type": "Artemis.Storage.Entities.Profile.LedEntity, Artemis.Storage",
              "LedName": "Keyboard_SemicolonAndColon",
              "DeviceIdentifier": "Wooting Wooting Two HE (ARM)-Wooting-Wooting Two HE (ARM)-Keyboard",
              "PhysicalLayout": 1
            },
            {
              "$type": "Artemis.Storage.Entities.Profile.LedEntity, Artemis.Storage",
              "LedName": "Keyboard_ApostropheAndDoubleQuote",
              "DeviceIdentifier": "Wooting Wooting Two HE (ARM)-Wooting-Wooting Two HE (ARM)-Keyboard",
              "PhysicalLayout": 1
            },
            {
              "$type": "Artemis.Storage.Entities.Profile.LedEntity, Artemis.Storage",
              "LedName": "Keyboard_NonUsTilde",
              "DeviceIdentifier": "Wooting Wooting Two HE (ARM)-Wooting-Wooting Two HE (ARM)-Keyboard",
              "PhysicalLayout": 1
            },
            {
              "$type": "Artemis.Storage.Entities.Profile.LedEntity, Artemis.Storage",
              "LedName": "Keyboard_Enter",
              "DeviceIdentifier": "Wooting Wooting Two HE (ARM)-Wooting-Wooting Two HE (ARM)-Keyboard",
              "PhysicalLayout": 1
            },
            {
              "$type": "Artemis.Storage.Entities.Profile.LedEntity, Artemis.Storage",
              "LedName": "Keyboard_Num4",
              "DeviceIdentifier": "Wooting Wooting Two HE (ARM)-Wooting-Wooting Two HE (ARM)-Keyboard",
              "PhysicalLayout": 1
            },
            {
              "$type": "Artemis.Storage.Entities.Profile.LedEntity, Artemis.Storage",
              "LedName": "Keyboard_Num5",
              "DeviceIdentifier": "Wooting Wooting Two HE (ARM)-Wooting-Wooting Two HE (ARM)-Keyboard",
              "PhysicalLayout": 1
            },
            {
              "$type": "Artemis.Storage.Entities.Profile.LedEntity, Artemis.Storage",
              "LedName": "Keyboard_Num6",
              "DeviceIdentifier": "Wooting Wooting Two HE (ARM)-Wooting-Wooting Two HE (ARM)-Keyboard",
              "PhysicalLayout": 1
            },
            {
              "$type": "Artemis.Storage.Entities.Profile.LedEntity, Artemis.Storage",
              "LedName": "Keyboard_LeftShift",
              "DeviceIdentifier": "Wooting Wooting Two HE (ARM)-Wooting-Wooting Two HE (ARM)-Keyboard",
              "PhysicalLayout": 1
            },
            {
              "$type": "Artemis.Storage.Entities.Profile.LedEntity, Artemis.Storage",
              "LedName": "Keyboard_NonUsBackslash",
              "DeviceIdentifier": "Wooting Wooting Two HE (ARM)-Wooting-Wooting Two HE (ARM)-Keyboard",
              "PhysicalLayout": 1
            },
            {
              "$type": "Artemis.Storage.Entities.Profile.LedEntity, Artemis.Storage",
              "LedName": "Keyboard_Z",
              "DeviceIdentifier": "Wooting Wooting Two HE (ARM)-Wooting-Wooting Two HE (ARM)-Keyboard",
              "PhysicalLayout": 1
            },
            {
              "$type": "Artemis.Storage.Entities.Profile.LedEntity, Artemis.Storage",
              "LedName": "Keyboard_X",
              "DeviceIdentifier": "Wooting Wooting Two HE (ARM)-Wooting-Wooting Two HE (ARM)-Keyboard",
              "PhysicalLayout": 1
            },
            {
              "$type": "Artemis.Storage.Entities.Profile.LedEntity, Artemis.Storage",
              "LedName": "Keyboard_C",
              "DeviceIdentifier": "Wooting Wooting Two HE (ARM)-Wooting-Wooting Two HE (ARM)-Keyboard",
              "PhysicalLayout": 1
            },
            {
              "$type": "Artemis.Storage.Entities.Profile.LedEntity, Artemis.Storage",
              "LedName": "Keyboard_V",
              "DeviceIdentifier": "Wooting Wooting Two HE (ARM)-Wooting-Wooting Two HE (ARM)-Keyboard",
              "PhysicalLayout": 1
            },
            {
              "$type": "Artemis.Storage.Entities.Profile.LedEntity, Artemis.Storage",
              "LedName": "Keyboard_B",
              "DeviceIdentifier": "Wooting Wooting Two HE (ARM)-Wooting-Wooting Two HE (ARM)-Keyboard",
              "PhysicalLayout": 1
            },
            {
              "$type": "Artemis.Storage.Entities.Profile.LedEntity, Artemis.Storage",
              "LedName": "Keyboard_N",
              "DeviceIdentifier": "Wooting Wooting Two HE (ARM)-Wooting-Wooting Two HE (ARM)-Keyboard",
              "PhysicalLayout": 1
            },
            {
              "$type": "Artemis.Storage.Entities.Profile.LedEntity, Artemis.Storage",
              "LedName": "Keyboard_M",
              "DeviceIdentifier": "Wooting Wooting Two HE (ARM)-Wooting-Wooting Two HE (ARM)-Keyboard",
              "PhysicalLayout": 1
            },
            {
              "$type": "Artemis.Storage.Entities.Profile.LedEntity, Artemis.Storage",
              "LedName": "Keyboard_CommaAndLessThan",
              "DeviceIdentifier": "Wooting Wooting Two HE (ARM)-Wooting-Wooting Two HE (ARM)-Keyboard",
              "PhysicalLayout": 1
            },
            {
              "$type": "Artemis.Storage.Entities.Profile.LedEntity, Artemis.Storage",
              "LedName": "Keyboard_PeriodAndBiggerThan",
              "DeviceIdentifier": "Wooting Wooting Two HE (ARM)-Wooting-Wooting Two HE (ARM)-Keyboard",
              "PhysicalLayout": 1
            },
            {
              "$type": "Artemis.Storage.Entities.Profile.LedEntity, Artemis.Storage",
              "LedName": "Keyboard_SlashAndQuestionMark",
              "DeviceIdentifier": "Wooting Wooting Two HE (ARM)-Wooting-Wooting Two HE (ARM)-Keyboard",
              "PhysicalLayout": 1
            },
            {
              "$type": "Artemis.Storage.Entities.Profile.LedEntity, Artemis.Storage",
              "LedName": "Keyboard_RightShift",
              "DeviceIdentifier": "Wooting Wooting Two HE (ARM)-Wooting-Wooting Two HE (ARM)-Keyboard",
              "PhysicalLayout": 1
            },
            {
              "$type": "Artemis.Storage.Entities.Profile.LedEntity, Artemis.Storage",
              "LedName": "Keyboard_ArrowUp",
              "DeviceIdentifier": "Wooting Wooting Two HE (ARM)-Wooting-Wooting Two HE (ARM)-Keyboard",
              "PhysicalLayout": 1
            },
            {
              "$type": "Artemis.Storage.Entities.Profile.LedEntity, Artemis.Storage",
              "LedName": "Keyboard_Num1",
              "DeviceIdentifier": "Wooting Wooting Two HE (ARM)-Wooting-Wooting Two HE (ARM)-Keyboard",
              "PhysicalLayout": 1
            },
            {
              "$type": "Artemis.Storage.Entities.Profile.LedEntity, Artemis.Storage",
              "LedName": "Keyboard_Num2",
              "DeviceIdentifier": "Wooting Wooting Two HE (ARM)-Wooting-Wooting Two HE (ARM)-Keyboard",
              "PhysicalLayout": 1
            },
            {
              "$type": "Artemis.Storage.Entities.Profile.LedEntity, Artemis.Storage",
              "LedName": "Keyboard_Num3",
              "DeviceIdentifier": "Wooting Wooting Two HE (ARM)-Wooting-Wooting Two HE (ARM)-Keyboard",
              "PhysicalLayout": 1
            },
            {
              "$type": "Artemis.Storage.Entities.Profile.LedEntity, Artemis.Storage",
              "LedName": "Keyboard_NumEnter",
              "DeviceIdentifier": "Wooting Wooting Two HE (ARM)-Wooting-Wooting Two HE (ARM)-Keyboard",
              "PhysicalLayout": 1
            },
            {
              "$type": "Artemis.Storage.Entities.Profile.LedEntity, Artemis.Storage",
              "LedName": "Keyboard_LeftCtrl",
              "DeviceIdentifier": "Wooting Wooting Two HE (ARM)-Wooting-Wooting Two HE (ARM)-Keyboard",
              "PhysicalLayout": 1
            },
            {
              "$type": "Artemis.Storage.Entities.Profile.LedEntity, Artemis.Storage",
              "LedName": "Keyboard_LeftGui",
              "DeviceIdentifier": "Wooting Wooting Two HE (ARM)-Wooting-Wooting Two HE (ARM)-Keyboard",
              "PhysicalLayout": 1
            },
            {
              "$type": "Artemis.Storage.Entities.Profile.LedEntity, Artemis.Storage",
              "LedName": "Keyboard_LeftAlt",
              "DeviceIdentifier": "Wooting Wooting Two HE (ARM)-Wooting-Wooting Two HE (ARM)-Keyboard",
              "PhysicalLayout": 1
            },
            {
              "$type": "Artemis.Storage.Entities.Profile.LedEntity, Artemis.Storage",
              "LedName": "Keyboard_Space",
              "DeviceIdentifier": "Wooting Wooting Two HE (ARM)-Wooting-Wooting Two HE (ARM)-Keyboard",
              "PhysicalLayout": 1
            },
            {
              "$type": "Artemis.Storage.Entities.Profile.LedEntity, Artemis.Storage",
              "LedName": "Keyboard_RightAlt",
              "DeviceIdentifier": "Wooting Wooting Two HE (ARM)-Wooting-Wooting Two HE (ARM)-Keyboard",
              "PhysicalLayout": 1
            },
            {
              "$type": "Artemis.Storage.Entities.Profile.LedEntity, Artemis.Storage",
              "LedName": "Keyboard_RightGui",
              "DeviceIdentifier": "Wooting Wooting Two HE (ARM)-Wooting-Wooting Two HE (ARM)-Keyboard",
              "PhysicalLayout": 1
            },
            {
              "$type": "Artemis.Storage.Entities.Profile.LedEntity, Artemis.Storage",
              "LedName": "Keyboard_Function",
              "DeviceIdentifier": "Wooting Wooting Two HE (ARM)-Wooting-Wooting Two HE (ARM)-Keyboard",
              "PhysicalLayout": 1
            },
            {
              "$type": "Artemis.Storage.Entities.Profile.LedEntity, Artemis.Storage",
              "LedName": "Keyboard_RightCtrl",
              "DeviceIdentifier": "Wooting Wooting Two HE (ARM)-Wooting-Wooting Two HE (ARM)-Keyboard",
              "PhysicalLayout": 1
            },
            {
              "$type": "Artemis.Storage.Entities.Profile.LedEntity, Artemis.Storage",
              "LedName": "Keyboard_ArrowLeft",
              "DeviceIdentifier": "Wooting Wooting Two HE (ARM)-Wooting-Wooting Two HE (ARM)-Keyboard",
              "PhysicalLayout": 1
            },
            {
              "$type": "Artemis.Storage.Entities.Profile.LedEntity, Artemis.Storage",
              "LedName": "Keyboard_ArrowDown",
              "DeviceIdentifier": "Wooting Wooting Two HE (ARM)-Wooting-Wooting Two HE (ARM)-Keyboard",
              "PhysicalLayout": 1
            },
            {
              "$type": "Artemis.Storage.Entities.Profile.LedEntity, Artemis.Storage",
              "LedName": "Keyboard_ArrowRight",
              "DeviceIdentifier": "Wooting Wooting Two HE (ARM)-Wooting-Wooting Two HE (ARM)-Keyboard",
              "PhysicalLayout": 1
            },
            {
              "$type": "Artemis.Storage.Entities.Profile.LedEntity, Artemis.Storage",
              "LedName": "Keyboard_Num0",
              "DeviceIdentifier": "Wooting Wooting Two HE (ARM)-Wooting-Wooting Two HE (ARM)-Keyboard",
              "PhysicalLayout": 1
            },
            {
              "$type": "Artemis.Storage.Entities.Profile.LedEntity, Artemis.Storage",
              "LedName": "Keyboard_NumPeriodAndDelete",
              "DeviceIdentifier": "Wooting Wooting Two HE (ARM)-Wooting-Wooting Two HE (ARM)-Keyboard",
              "PhysicalLayout": 1
            }
          ]
        },
        "AdaptionHints": {
          "$type": "System.Collections.Generic.List`1[[Artemis.Storage.Entities.Profile.AdaptionHints.IAdaptionHintEntity, Artemis.Storage]], System.Private.CoreLib",
          "$values": [
            {
              "$type": "Artemis.Storage.Entities.Profile.AdaptionHints.DeviceAdaptionHintEntity, Artemis.Storage",
              "DeviceType": 128,
              "LimitAmount": false,
              "Skip": 0,
              "Amount": 0
            },
            {
              "$type": "Artemis.Storage.Entities.Profile.AdaptionHints.DeviceAdaptionHintEntity, Artemis.Storage",
              "DeviceType": 64,
              "LimitAmount": false,
              "Skip": 0,
              "Amount": 0
            },
            {
              "$type": "Artemis.Storage.Entities.Profile.AdaptionHints.DeviceAdaptionHintEntity, Artemis.Storage",
              "DeviceType": 2,
              "LimitAmount": false,
              "Skip": 0,
              "Amount": 0
            }
          ]
        },
        "GeneralPropertyGroup": {
          "$type": "Artemis.Storage.Entities.Profile.PropertyGroupEntity, Artemis.Storage",
          "Identifier": "General",
          "Properties": {
            "$type": "System.Collections.Generic.List`1[[Artemis.Storage.Entities.Profile.PropertyEntity, Artemis.Storage]], System.Private.CoreLib",
            "$values": [
              {
                "$type": "Artemis.Storage.Entities.Profile.PropertyEntity, Artemis.Storage",
                "Identifier": "BrushReference",
                "Value": "{\"LayerBrushProviderId\":\"Artemis.Plugins.LayerBrushes.Color.ColorBrushProvider-92a9d6ba\",\"BrushType\":\"LinearGradientBrush\"}",
                "KeyframesEnabled": false,
                "DataBinding": {
                  "$type": "Artemis.Storage.Entities.Profile.DataBindings.DataBindingEntity, Artemis.Storage",
                  "Identifier": null,
                  "IsEnabled": false,
                  "NodeScript": null
                },
                "KeyframeEntities": {
                  "$type": "System.Collections.Generic.List`1[[Artemis.Storage.Entities.Profile.KeyframeEntity, Artemis.Storage]], System.Private.CoreLib",
                  "$values": []
                }
              },
              {
                "$type": "Artemis.Storage.Entities.Profile.PropertyEntity, Artemis.Storage",
                "Identifier": "ShapeType",
                "Value": "1",
                "KeyframesEnabled": false,
                "DataBinding": {
                  "$type": "Artemis.Storage.Entities.Profile.DataBindings.DataBindingEntity, Artemis.Storage",
                  "Identifier": null,
                  "IsEnabled": false,
                  "NodeScript": null
                },
                "KeyframeEntities": {
                  "$type": "System.Collections.Generic.List`1[[Artemis.Storage.Entities.Profile.KeyframeEntity, Artemis.Storage]], System.Private.CoreLib",
                  "$values": []
                }
              },
              {
                "$type": "Artemis.Storage.Entities.Profile.PropertyEntity, Artemis.Storage",
                "Identifier": "BlendMode",
                "Value": "3",
                "KeyframesEnabled": false,
                "DataBinding": {
                  "$type": "Artemis.Storage.Entities.Profile.DataBindings.DataBindingEntity, Artemis.Storage",
                  "Identifier": null,
                  "IsEnabled": false,
                  "NodeScript": null
                },
                "KeyframeEntities": {
                  "$type": "System.Collections.Generic.List`1[[Artemis.Storage.Entities.Profile.KeyframeEntity, Artemis.Storage]], System.Private.CoreLib",
                  "$values": []
                }
              },
              {
                "$type": "Artemis.Storage.Entities.Profile.PropertyEntity, Artemis.Storage",
                "Identifier": "TransformMode",
                "Value": "0",
                "KeyframesEnabled": false,
                "DataBinding": {
                  "$type": "Artemis.Storage.Entities.Profile.DataBindings.DataBindingEntity, Artemis.Storage",
                  "Identifier": null,
                  "IsEnabled": false,
                  "NodeScript": null
                },
                "KeyframeEntities": {
                  "$type": "System.Collections.Generic.List`1[[Artemis.Storage.Entities.Profile.KeyframeEntity, Artemis.Storage]], System.Private.CoreLib",
                  "$values": []
                }
              }
            ]
          },
          "PropertyGroups": {
            "$type": "System.Collections.Generic.List`1[[Artemis.Storage.Entities.Profile.PropertyGroupEntity, Artemis.Storage]], System.Private.CoreLib",
            "$values": []
          }
        },
        "TransformPropertyGroup": {
          "$type": "Artemis.Storage.Entities.Profile.PropertyGroupEntity, Artemis.Storage",
          "Identifier": "Transform",
          "Properties": {
            "$type": "System.Collections.Generic.List`1[[Artemis.Storage.Entities.Profile.PropertyEntity, Artemis.Storage]], System.Private.CoreLib",
            "$values": [
              {
                "$type": "Artemis.Storage.Entities.Profile.PropertyEntity, Artemis.Storage",
                "Identifier": "AnchorPoint",
                "Value": "{\"IsEmpty\":false,\"Length\":0.70710677,\"LengthSquared\":0.5,\"X\":0.5,\"Y\":0.5}",
                "KeyframesEnabled": false,
                "DataBinding": {
                  "$type": "Artemis.Storage.Entities.Profile.DataBindings.DataBindingEntity, Artemis.Storage",
                  "Identifier": null,
                  "IsEnabled": false,
                  "NodeScript": null
                },
                "KeyframeEntities": {
                  "$type": "System.Collections.Generic.List`1[[Artemis.Storage.Entities.Profile.KeyframeEntity, Artemis.Storage]], System.Private.CoreLib",
                  "$values": []
                }
              },
              {
                "$type": "Artemis.Storage.Entities.Profile.PropertyEntity, Artemis.Storage",
                "Identifier": "Position",
                "Value": "{\"IsEmpty\":false,\"Length\":0.70710677,\"LengthSquared\":0.5,\"X\":0.5,\"Y\":0.5}",
                "KeyframesEnabled": false,
                "DataBinding": {
                  "$type": "Artemis.Storage.Entities.Profile.DataBindings.DataBindingEntity, Artemis.Storage",
                  "Identifier": null,
                  "IsEnabled": false,
                  "NodeScript": null
                },
                "KeyframeEntities": {
                  "$type": "System.Collections.Generic.List`1[[Artemis.Storage.Entities.Profile.KeyframeEntity, Artemis.Storage]], System.Private.CoreLib",
                  "$values": []
                }
              },
              {
                "$type": "Artemis.Storage.Entities.Profile.PropertyEntity, Artemis.Storage",
                "Identifier": "Scale",
                "Value": "{\"IsEmpty\":false,\"Width\":100.0,\"Height\":100.0}",
                "KeyframesEnabled": false,
                "DataBinding": {
                  "$type": "Artemis.Storage.Entities.Profile.DataBindings.DataBindingEntity, Artemis.Storage",
                  "Identifier": null,
                  "IsEnabled": false,
                  "NodeScript": null
                },
                "KeyframeEntities": {
                  "$type": "System.Collections.Generic.List`1[[Artemis.Storage.Entities.Profile.KeyframeEntity, Artemis.Storage]], System.Private.CoreLib",
                  "$values": []
                }
              },
              {
                "$type": "Artemis.Storage.Entities.Profile.PropertyEntity, Artemis.Storage",
                "Identifier": "Rotation",
                "Value": "0.0",
                "KeyframesEnabled": false,
                "DataBinding": {
                  "$type": "Artemis.Storage.Entities.Profile.DataBindings.DataBindingEntity, Artemis.Storage",
                  "Identifier": null,
                  "IsEnabled": false,
                  "NodeScript": null
                },
                "KeyframeEntities": {
                  "$type": "System.Collections.Generic.List`1[[Artemis.Storage.Entities.Profile.KeyframeEntity, Artemis.Storage]], System.Private.CoreLib",
                  "$values": []
                }
              },
              {
                "$type": "Artemis.Storage.Entities.Profile.PropertyEntity, Artemis.Storage",
                "Identifier": "Opacity",
                "Value": "100.0",
                "KeyframesEnabled": false,
                "DataBinding": {
                  "$type": "Artemis.Storage.Entities.Profile.DataBindings.DataBindingEntity, Artemis.Storage",
                  "Identifier": null,
                  "IsEnabled": false,
                  "NodeScript": null
                },
                "KeyframeEntities": {
                  "$type": "System.Collections.Generic.List`1[[Artemis.Storage.Entities.Profile.KeyframeEntity, Artemis.Storage]], System.Private.CoreLib",
                  "$values": []
                }
              }
            ]
          },
          "PropertyGroups": {
            "$type": "System.Collections.Generic.List`1[[Artemis.Storage.Entities.Profile.PropertyGroupEntity, Artemis.Storage]], System.Private.CoreLib",
            "$values": []
          }
        },
        "LayerBrush": {
          "$type": "Artemis.Storage.Entities.Profile.LayerBrushEntity, Artemis.Storage",
          "ProviderId": "Artemis.Plugins.LayerBrushes.Color.ColorBrushProvider-92a9d6ba",
          "BrushType": "Artemis.Plugins.LayerBrushes.Color.LinearGradientBrush",
          "PropertyGroup": {
            "$type": "Artemis.Storage.Entities.Profile.PropertyGroupEntity, Artemis.Storage",
            "Identifier": "Brush",
            "Properties": {
              "$type": "System.Collections.Generic.List`1[[Artemis.Storage.Entities.Profile.PropertyEntity, Artemis.Storage]], System.Private.CoreLib",
              "$values": [
                {
                  "$type": "Artemis.Storage.Entities.Profile.PropertyEntity, Artemis.Storage",
                  "Identifier": "Colors",
                  "Value": "[{\"Color\":\"#ff00ffa5\",\"Position\":0.164},{\"Color\":\"#ff00de73\",\"Position\":0.374},{\"Color\":\"#ff00bea4\",\"Position\":0.56},{\"Color\":\"#ff7918c2\",\"Position\":0.798}]",
                  "KeyframesEnabled": false,
                  "DataBinding": {
                    "$type": "Artemis.Storage.Entities.Profile.DataBindings.DataBindingEntity, Artemis.Storage",
                    "Identifier": null,
                    "IsEnabled": false,
                    "NodeScript": null
                  },
                  "KeyframeEntities": {
                    "$type": "System.Collections.Generic.List`1[[Artemis.Storage.Entities.Profile.KeyframeEntity, Artemis.Storage]], System.Private.CoreLib",
                    "$values": []
                  }
                },
                {
                  "$type": "Artemis.Storage.Entities.Profile.PropertyEntity, Artemis.Storage",
                  "Identifier": "WaveSize",
                  "Value": "100",
                  "KeyframesEnabled": false,
                  "DataBinding": {
                    "$type": "Artemis.Storage.Entities.Profile.DataBindings.DataBindingEntity, Artemis.Storage",
                    "Identifier": null,
                    "IsEnabled": false,
                    "NodeScript": null
                  },
                  "KeyframeEntities": {
                    "$type": "System.Collections.Generic.List`1[[Artemis.Storage.Entities.Profile.KeyframeEntity, Artemis.Storage]], System.Private.CoreLib",
                    "$values": []
                  }
                },
                {
                  "$type": "Artemis.Storage.Entities.Profile.PropertyEntity, Artemis.Storage",
                  "Identifier": "Orientation",
                  "Value": "0",
                  "KeyframesEnabled": false,
                  "DataBinding": {
                    "$type": "Artemis.Storage.Entities.Profile.DataBindings.DataBindingEntity, Artemis.Storage",
                    "Identifier": null,
                    "IsEnabled": false,
                    "NodeScript": null
                  },
                  "KeyframeEntities": {
                    "$type": "System.Collections.Generic.List`1[[Artemis.Storage.Entities.Profile.KeyframeEntity, Artemis.Storage]], System.Private.CoreLib",
                    "$values": []
                  }
                },
                {
                  "$type": "Artemis.Storage.Entities.Profile.PropertyEntity, Artemis.Storage",
                  "Identifier": "TileMode",
                  "Value": "1",
                  "KeyframesEnabled": false,
                  "DataBinding": {
                    "$type": "Artemis.Storage.Entities.Profile.DataBindings.DataBindingEntity, Artemis.Storage",
                    "Identifier": null,
                    "IsEnabled": false,
                    "NodeScript": null
                  },
                  "KeyframeEntities": {
                    "$type": "System.Collections.Generic.List`1[[Artemis.Storage.Entities.Profile.KeyframeEntity, Artemis.Storage]], System.Private.CoreLib",
                    "$values": []
                  }
                },
                {
                  "$type": "Artemis.Storage.Entities.Profile.PropertyEntity, Artemis.Storage",
                  "Identifier": "Rotation",
                  "Value": "0.0",
                  "KeyframesEnabled": false,
                  "DataBinding": {
                    "$type": "Artemis.Storage.Entities.Profile.DataBindings.DataBindingEntity, Artemis.Storage",
                    "Identifier": null,
                    "IsEnabled": false,
                    "NodeScript": null
                  },
                  "KeyframeEntities": {
                    "$type": "System.Collections.Generic.List`1[[Artemis.Storage.Entities.Profile.KeyframeEntity, Artemis.Storage]], System.Private.CoreLib",
                    "$values": []
                  }
                },
                {
                  "$type": "Artemis.Storage.Entities.Profile.PropertyEntity, Artemis.Storage",
                  "Identifier": "ScrollSpeed",
                  "Value": "{\"IsEmpty\":false,\"Length\":10.0,\"LengthSquared\":100.0,\"X\":10.0,\"Y\":0.0}",
                  "KeyframesEnabled": false,
                  "DataBinding": {
                    "$type": "Artemis.Storage.Entities.Profile.DataBindings.DataBindingEntity, Artemis.Storage",
                    "Identifier": null,
                    "IsEnabled": false,
                    "NodeScript": null
                  },
                  "KeyframeEntities": {
                    "$type": "System.Collections.Generic.List`1[[Artemis.Storage.Entities.Profile.KeyframeEntity, Artemis.Storage]], System.Private.CoreLib",
                    "$values": []
                  }
                }
              ]
            },
            "PropertyGroups": {
              "$type": "System.Collections.Generic.List`1[[Artemis.Storage.Entities.Profile.PropertyGroupEntity, Artemis.Storage]], System.Private.CoreLib",
              "$values": []
            }
          }
        },
        "Profile": null,
        "ProfileId": "362fe6c3-4c92-457a-9e02-5a3f768157bb",
        "Id": "ae55155a-bb6e-4223-9169-4d8733f10628",
        "ParentId": "69995cfa-4308-474c-b0ec-433a0f99ad84",
        "LayerEffects": {
          "$type": "System.Collections.Generic.List`1[[Artemis.Storage.Entities.Profile.LayerEffectEntity, Artemis.Storage]], System.Private.CoreLib",
          "$values": []
        },
        "DisplayCondition": {
          "$type": "Artemis.Storage.Entities.Profile.Conditions.AlwaysOnConditionEntity, Artemis.Storage"
        },
        "Timeline": {
          "$type": "Artemis.Storage.Entities.Profile.TimelineEntity, Artemis.Storage",
          "StartSegmentLength": "00:00:00",
          "MainSegmentLength": "00:00:05",
          "EndSegmentLength": "00:00:00"
        }
      },
      {
        "$type": "Artemis.Storage.Entities.Profile.LayerEntity, Artemis.Storage",
        "Order": 2,
        "Name": "Mouse, Keyboard, etc.",
        "Suspended": false,
        "Leds": {
          "$type": "System.Collections.Generic.List`1[[Artemis.Storage.Entities.Profile.LedEntity, Artemis.Storage]], System.Private.CoreLib",
          "$values": []
        },
        "AdaptionHints": {
          "$type": "System.Collections.Generic.List`1[[Artemis.Storage.Entities.Profile.AdaptionHints.IAdaptionHintEntity, Artemis.Storage]], System.Private.CoreLib",
          "$values": [
            {
              "$type": "Artemis.Storage.Entities.Profile.AdaptionHints.DeviceAdaptionHintEntity, Artemis.Storage",
              "DeviceType": 2,
              "LimitAmount": false,
              "Skip": 0,
              "Amount": 0
            }
          ]
        },
        "GeneralPropertyGroup": {
          "$type": "Artemis.Storage.Entities.Profile.PropertyGroupEntity, Artemis.Storage",
          "Identifier": "General",
          "Properties": {
            "$type": "System.Collections.Generic.List`1[[Artemis.Storage.Entities.Profile.PropertyEntity, Artemis.Storage]], System.Private.CoreLib",
            "$values": [
              {
                "$type": "Artemis.Storage.Entities.Profile.PropertyEntity, Artemis.Storage",
                "Identifier": "BrushReference",
                "Value": "{\"LayerBrushProviderId\":\"Artemis.Plugins.LayerBrushes.Color.ColorBrushProvider-92a9d6ba\",\"BrushType\":\"LinearGradientBrush\"}",
                "KeyframesEnabled": false,
                "DataBinding": {
                  "$type": "Artemis.Storage.Entities.Profile.DataBindings.DataBindingEntity, Artemis.Storage",
                  "Identifier": null,
                  "IsEnabled": false,
                  "NodeScript": null
                },
                "KeyframeEntities": {
                  "$type": "System.Collections.Generic.List`1[[Artemis.Storage.Entities.Profile.KeyframeEntity, Artemis.Storage]], System.Private.CoreLib",
                  "$values": []
                }
              },
              {
                "$type": "Artemis.Storage.Entities.Profile.PropertyEntity, Artemis.Storage",
                "Identifier": "ShapeType",
                "Value": "1",
                "KeyframesEnabled": false,
                "DataBinding": {
                  "$type": "Artemis.Storage.Entities.Profile.DataBindings.DataBindingEntity, Artemis.Storage",
                  "Identifier": null,
                  "IsEnabled": false,
                  "NodeScript": null
                },
                "KeyframeEntities": {
                  "$type": "System.Collections.Generic.List`1[[Artemis.Storage.Entities.Profile.KeyframeEntity, Artemis.Storage]], System.Private.CoreLib",
                  "$values": []
                }
              },
              {
                "$type": "Artemis.Storage.Entities.Profile.PropertyEntity, Artemis.Storage",
                "Identifier": "BlendMode",
                "Value": "3",
                "KeyframesEnabled": false,
                "DataBinding": {
                  "$type": "Artemis.Storage.Entities.Profile.DataBindings.DataBindingEntity, Artemis.Storage",
                  "Identifier": null,
                  "IsEnabled": false,
                  "NodeScript": null
                },
                "KeyframeEntities": {
                  "$type": "System.Collections.Generic.List`1[[Artemis.Storage.Entities.Profile.KeyframeEntity, Artemis.Storage]], System.Private.CoreLib",
                  "$values": []
                }
              },
              {
                "$type": "Artemis.Storage.Entities.Profile.PropertyEntity, Artemis.Storage",
                "Identifier": "TransformMode",
                "Value": "0",
                "KeyframesEnabled": false,
                "DataBinding": {
                  "$type": "Artemis.Storage.Entities.Profile.DataBindings.DataBindingEntity, Artemis.Storage",
                  "Identifier": null,
                  "IsEnabled": false,
                  "NodeScript": null
                },
                "KeyframeEntities": {
                  "$type": "System.Collections.Generic.List`1[[Artemis.Storage.Entities.Profile.KeyframeEntity, Artemis.Storage]], System.Private.CoreLib",
                  "$values": []
                }
              }
            ]
          },
          "PropertyGroups": {
            "$type": "System.Collections.Generic.List`1[[Artemis.Storage.Entities.Profile.PropertyGroupEntity, Artemis.Storage]], System.Private.CoreLib",
            "$values": []
          }
        },
        "TransformPropertyGroup": {
          "$type": "Artemis.Storage.Entities.Profile.PropertyGroupEntity, Artemis.Storage",
          "Identifier": "Transform",
          "Properties": {
            "$type": "System.Collections.Generic.List`1[[Artemis.Storage.Entities.Profile.PropertyEntity, Artemis.Storage]], System.Private.CoreLib",
            "$values": [
              {
                "$type": "Artemis.Storage.Entities.Profile.PropertyEntity, Artemis.Storage",
                "Identifier": "AnchorPoint",
                "Value": "{\"IsEmpty\":false,\"Length\":0.70710677,\"LengthSquared\":0.5,\"X\":0.5,\"Y\":0.5}",
                "KeyframesEnabled": false,
                "DataBinding": {
                  "$type": "Artemis.Storage.Entities.Profile.DataBindings.DataBindingEntity, Artemis.Storage",
                  "Identifier": null,
                  "IsEnabled": false,
                  "NodeScript": null
                },
                "KeyframeEntities": {
                  "$type": "System.Collections.Generic.List`1[[Artemis.Storage.Entities.Profile.KeyframeEntity, Artemis.Storage]], System.Private.CoreLib",
                  "$values": []
                }
              },
              {
                "$type": "Artemis.Storage.Entities.Profile.PropertyEntity, Artemis.Storage",
                "Identifier": "Position",
                "Value": "{\"IsEmpty\":false,\"Length\":0.70710677,\"LengthSquared\":0.5,\"X\":0.5,\"Y\":0.5}",
                "KeyframesEnabled": false,
                "DataBinding": {
                  "$type": "Artemis.Storage.Entities.Profile.DataBindings.DataBindingEntity, Artemis.Storage",
                  "Identifier": null,
                  "IsEnabled": false,
                  "NodeScript": null
                },
                "KeyframeEntities": {
                  "$type": "System.Collections.Generic.List`1[[Artemis.Storage.Entities.Profile.KeyframeEntity, Artemis.Storage]], System.Private.CoreLib",
                  "$values": []
                }
              },
              {
                "$type": "Artemis.Storage.Entities.Profile.PropertyEntity, Artemis.Storage",
                "Identifier": "Scale",
                "Value": "{\"IsEmpty\":false,\"Width\":100.0,\"Height\":100.0}",
                "KeyframesEnabled": false,
                "DataBinding": {
                  "$type": "Artemis.Storage.Entities.Profile.DataBindings.DataBindingEntity, Artemis.Storage",
                  "Identifier": null,
                  "IsEnabled": false,
                  "NodeScript": null
                },
                "KeyframeEntities": {
                  "$type": "System.Collections.Generic.List`1[[Artemis.Storage.Entities.Profile.KeyframeEntity, Artemis.Storage]], System.Private.CoreLib",
                  "$values": []
                }
              },
              {
                "$type": "Artemis.Storage.Entities.Profile.PropertyEntity, Artemis.Storage",
                "Identifier": "Rotation",
                "Value": "0.0",
                "KeyframesEnabled": false,
                "DataBinding": {
                  "$type": "Artemis.Storage.Entities.Profile.DataBindings.DataBindingEntity, Artemis.Storage",
                  "Identifier": null,
                  "IsEnabled": false,
                  "NodeScript": null
                },
                "KeyframeEntities": {
                  "$type": "System.Collections.Generic.List`1[[Artemis.Storage.Entities.Profile.KeyframeEntity, Artemis.Storage]], System.Private.CoreLib",
                  "$values": []
                }
              },
              {
                "$type": "Artemis.Storage.Entities.Profile.PropertyEntity, Artemis.Storage",
                "Identifier": "Opacity",
                "Value": "100.0",
                "KeyframesEnabled": false,
                "DataBinding": {
                  "$type": "Artemis.Storage.Entities.Profile.DataBindings.DataBindingEntity, Artemis.Storage",
                  "Identifier": null,
                  "IsEnabled": false,
                  "NodeScript": null
                },
                "KeyframeEntities": {
                  "$type": "System.Collections.Generic.List`1[[Artemis.Storage.Entities.Profile.KeyframeEntity, Artemis.Storage]], System.Private.CoreLib",
                  "$values": []
                }
              }
            ]
          },
          "PropertyGroups": {
            "$type": "System.Collections.Generic.List`1[[Artemis.Storage.Entities.Profile.PropertyGroupEntity, Artemis.Storage]], System.Private.CoreLib",
            "$values": []
          }
        },
        "LayerBrush": {
          "$type": "Artemis.Storage.Entities.Profile.LayerBrushEntity, Artemis.Storage",
          "ProviderId": "Artemis.Plugins.LayerBrushes.Color.ColorBrushProvider-92a9d6ba",
          "BrushType": "Artemis.Plugins.LayerBrushes.Color.LinearGradientBrush",
          "PropertyGroup": {
            "$type": "Artemis.Storage.Entities.Profile.PropertyGroupEntity, Artemis.Storage",
            "Identifier": "Brush",
            "Properties": {
              "$type": "System.Collections.Generic.List`1[[Artemis.Storage.Entities.Profile.PropertyEntity, Artemis.Storage]], System.Private.CoreLib",
              "$values": [
                {
                  "$type": "Artemis.Storage.Entities.Profile.PropertyEntity, Artemis.Storage",
                  "Identifier": "Colors",
                  "Value": "[{\"Color\":\"#ff000000\",\"Position\":0.1},{\"Color\":\"#ff00ffa5\",\"Position\":0.3},{\"Color\":\"#ff00bea4\",\"Position\":0.5},{\"Color\":\"#ff7911b9\",\"Position\":0.7},{\"Color\":\"#ff000000\",\"Position\":0.9}]",
                  "KeyframesEnabled": false,
                  "DataBinding": {
                    "$type": "Artemis.Storage.Entities.Profile.DataBindings.DataBindingEntity, Artemis.Storage",
                    "Identifier": null,
                    "IsEnabled": false,
                    "NodeScript": null
                  },
                  "KeyframeEntities": {
                    "$type": "System.Collections.Generic.List`1[[Artemis.Storage.Entities.Profile.KeyframeEntity, Artemis.Storage]], System.Private.CoreLib",
                    "$values": []
                  }
                },
                {
                  "$type": "Artemis.Storage.Entities.Profile.PropertyEntity, Artemis.Storage",
                  "Identifier": "WaveSize",
                  "Value": "100",
                  "KeyframesEnabled": false,
                  "DataBinding": {
                    "$type": "Artemis.Storage.Entities.Profile.DataBindings.DataBindingEntity, Artemis.Storage",
                    "Identifier": null,
                    "IsEnabled": false,
                    "NodeScript": null
                  },
                  "KeyframeEntities": {
                    "$type": "System.Collections.Generic.List`1[[Artemis.Storage.Entities.Profile.KeyframeEntity, Artemis.Storage]], System.Private.CoreLib",
                    "$values": []
                  }
                },
                {
                  "$type": "Artemis.Storage.Entities.Profile.PropertyEntity, Artemis.Storage",
                  "Identifier": "Orientation",
                  "Value": "0",
                  "KeyframesEnabled": false,
                  "DataBinding": {
                    "$type": "Artemis.Storage.Entities.Profile.DataBindings.DataBindingEntity, Artemis.Storage",
                    "Identifier": null,
                    "IsEnabled": false,
                    "NodeScript": null
                  },
                  "KeyframeEntities": {
                    "$type": "System.Collections.Generic.List`1[[Artemis.Storage.Entities.Profile.KeyframeEntity, Artemis.Storage]], System.Private.CoreLib",
                    "$values": []
                  }
                },
                {
                  "$type": "Artemis.Storage.Entities.Profile.PropertyEntity, Artemis.Storage",
                  "Identifier": "TileMode",
                  "Value": "1",
                  "KeyframesEnabled": false,
                  "DataBinding": {
                    "$type": "Artemis.Storage.Entities.Profile.DataBindings.DataBindingEntity, Artemis.Storage",
                    "Identifier": null,
                    "IsEnabled": false,
                    "NodeScript": null
                  },
                  "KeyframeEntities": {
                    "$type": "System.Collections.Generic.List`1[[Artemis.Storage.Entities.Profile.KeyframeEntity, Artemis.Storage]], System.Private.CoreLib",
                    "$values": []
                  }
                },
                {
                  "$type": "Artemis.Storage.Entities.Profile.PropertyEntity, Artemis.Storage",
                  "Identifier": "Rotation",
                  "Value": "0.0",
                  "KeyframesEnabled": false,
                  "DataBinding": {
                    "$type": "Artemis.Storage.Entities.Profile.DataBindings.DataBindingEntity, Artemis.Storage",
                    "Identifier": null,
                    "IsEnabled": false,
                    "NodeScript": null
                  },
                  "KeyframeEntities": {
                    "$type": "System.Collections.Generic.List`1[[Artemis.Storage.Entities.Profile.KeyframeEntity, Artemis.Storage]], System.Private.CoreLib",
                    "$values": []
                  }
                },
                {
                  "$type": "Artemis.Storage.Entities.Profile.PropertyEntity, Artemis.Storage",
                  "Identifier": "ScrollSpeed",
                  "Value": "{\"IsEmpty\":false,\"Length\":10.0,\"LengthSquared\":100.0,\"X\":10.0,\"Y\":0.0}",
                  "KeyframesEnabled": false,
                  "DataBinding": {
                    "$type": "Artemis.Storage.Entities.Profile.DataBindings.DataBindingEntity, Artemis.Storage",
                    "Identifier": null,
                    "IsEnabled": false,
                    "NodeScript": null
                  },
                  "KeyframeEntities": {
                    "$type": "System.Collections.Generic.List`1[[Artemis.Storage.Entities.Profile.KeyframeEntity, Artemis.Storage]], System.Private.CoreLib",
                    "$values": []
                  }
                }
              ]
            },
            "PropertyGroups": {
              "$type": "System.Collections.Generic.List`1[[Artemis.Storage.Entities.Profile.PropertyGroupEntity, Artemis.Storage]], System.Private.CoreLib",
              "$values": []
            }
          }
        },
        "Profile": null,
        "ProfileId": "362fe6c3-4c92-457a-9e02-5a3f768157bb",
        "Id": "ceb6b38e-1556-4281-b731-ef1ba0e64575",
        "ParentId": "69995cfa-4308-474c-b0ec-433a0f99ad84",
        "LayerEffects": {
          "$type": "System.Collections.Generic.List`1[[Artemis.Storage.Entities.Profile.LayerEffectEntity, Artemis.Storage]], System.Private.CoreLib",
          "$values": []
        },
        "DisplayCondition": {
          "$type": "Artemis.Storage.Entities.Profile.Conditions.AlwaysOnConditionEntity, Artemis.Storage"
        },
        "Timeline": {
          "$type": "Artemis.Storage.Entities.Profile.TimelineEntity, Artemis.Storage",
          "StartSegmentLength": "00:00:00",
          "MainSegmentLength": "00:00:05",
          "EndSegmentLength": "00:00:00"
        }
      },
      {
        "$type": "Artemis.Storage.Entities.Profile.LayerEntity, Artemis.Storage",
        "Order": 3,
        "Name": "Fans + RAM",
        "Suspended": false,
        "Leds": {
          "$type": "System.Collections.Generic.List`1[[Artemis.Storage.Entities.Profile.LedEntity, Artemis.Storage]], System.Private.CoreLib",
          "$values": []
        },
        "AdaptionHints": {
          "$type": "System.Collections.Generic.List`1[[Artemis.Storage.Entities.Profile.AdaptionHints.IAdaptionHintEntity, Artemis.Storage]], System.Private.CoreLib",
          "$values": [
            {
              "$type": "Artemis.Storage.Entities.Profile.AdaptionHints.DeviceAdaptionHintEntity, Artemis.Storage",
              "DeviceType": 64,
              "LimitAmount": false,
              "Skip": 0,
              "Amount": 0
            },
            {
              "$type": "Artemis.Storage.Entities.Profile.AdaptionHints.DeviceAdaptionHintEntity, Artemis.Storage",
              "DeviceType": 2,
              "LimitAmount": false,
              "Skip": 0,
              "Amount": 0
            }
          ]
        },
        "GeneralPropertyGroup": {
          "$type": "Artemis.Storage.Entities.Profile.PropertyGroupEntity, Artemis.Storage",
          "Identifier": "General",
          "Properties": {
            "$type": "System.Collections.Generic.List`1[[Artemis.Storage.Entities.Profile.PropertyEntity, Artemis.Storage]], System.Private.CoreLib",
            "$values": [
              {
                "$type": "Artemis.Storage.Entities.Profile.PropertyEntity, Artemis.Storage",
                "Identifier": "BrushReference",
                "Value": "{\"LayerBrushProviderId\":\"Artemis.Plugins.LayerBrushes.Color.ColorBrushProvider-92a9d6ba\",\"BrushType\":\"LinearGradientBrush\"}",
                "KeyframesEnabled": false,
                "DataBinding": {
                  "$type": "Artemis.Storage.Entities.Profile.DataBindings.DataBindingEntity, Artemis.Storage",
                  "Identifier": null,
                  "IsEnabled": false,
                  "NodeScript": null
                },
                "KeyframeEntities": {
                  "$type": "System.Collections.Generic.List`1[[Artemis.Storage.Entities.Profile.KeyframeEntity, Artemis.Storage]], System.Private.CoreLib",
                  "$values": []
                }
              },
              {
                "$type": "Artemis.Storage.Entities.Profile.PropertyEntity, Artemis.Storage",
                "Identifier": "ShapeType",
                "Value": "1",
                "KeyframesEnabled": false,
                "DataBinding": {
                  "$type": "Artemis.Storage.Entities.Profile.DataBindings.DataBindingEntity, Artemis.Storage",
                  "Identifier": null,
                  "IsEnabled": false,
                  "NodeScript": null
                },
                "KeyframeEntities": {
                  "$type": "System.Collections.Generic.List`1[[Artemis.Storage.Entities.Profile.KeyframeEntity, Artemis.Storage]], System.Private.CoreLib",
                  "$values": []
                }
              },
              {
                "$type": "Artemis.Storage.Entities.Profile.PropertyEntity, Artemis.Storage",
                "Identifier": "BlendMode",
                "Value": "3",
                "KeyframesEnabled": false,
                "DataBinding": {
                  "$type": "Artemis.Storage.Entities.Profile.DataBindings.DataBindingEntity, Artemis.Storage",
                  "Identifier": null,
                  "IsEnabled": false,
                  "NodeScript": null
                },
                "KeyframeEntities": {
                  "$type": "System.Collections.Generic.List`1[[Artemis.Storage.Entities.Profile.KeyframeEntity, Artemis.Storage]], System.Private.CoreLib",
                  "$values": []
                }
              },
              {
                "$type": "Artemis.Storage.Entities.Profile.PropertyEntity, Artemis.Storage",
                "Identifier": "TransformMode",
                "Value": "0",
                "KeyframesEnabled": false,
                "DataBinding": {
                  "$type": "Artemis.Storage.Entities.Profile.DataBindings.DataBindingEntity, Artemis.Storage",
                  "Identifier": null,
                  "IsEnabled": false,
                  "NodeScript": null
                },
                "KeyframeEntities": {
                  "$type": "System.Collections.Generic.List`1[[Artemis.Storage.Entities.Profile.KeyframeEntity, Artemis.Storage]], System.Private.CoreLib",
                  "$values": []
                }
              }
            ]
          },
          "PropertyGroups": {
            "$type": "System.Collections.Generic.List`1[[Artemis.Storage.Entities.Profile.PropertyGroupEntity, Artemis.Storage]], System.Private.CoreLib",
            "$values": []
          }
        },
        "TransformPropertyGroup": {
          "$type": "Artemis.Storage.Entities.Profile.PropertyGroupEntity, Artemis.Storage",
          "Identifier": "Transform",
          "Properties": {
            "$type": "System.Collections.Generic.List`1[[Artemis.Storage.Entities.Profile.PropertyEntity, Artemis.Storage]], System.Private.CoreLib",
            "$values": [
              {
                "$type": "Artemis.Storage.Entities.Profile.PropertyEntity, Artemis.Storage",
                "Identifier": "AnchorPoint",
                "Value": "{\"IsEmpty\":false,\"Length\":0.70710677,\"LengthSquared\":0.5,\"X\":0.5,\"Y\":0.5}",
                "KeyframesEnabled": false,
                "DataBinding": {
                  "$type": "Artemis.Storage.Entities.Profile.DataBindings.DataBindingEntity, Artemis.Storage",
                  "Identifier": null,
                  "IsEnabled": false,
                  "NodeScript": null
                },
                "KeyframeEntities": {
                  "$type": "System.Collections.Generic.List`1[[Artemis.Storage.Entities.Profile.KeyframeEntity, Artemis.Storage]], System.Private.CoreLib",
                  "$values": []
                }
              },
              {
                "$type": "Artemis.Storage.Entities.Profile.PropertyEntity, Artemis.Storage",
                "Identifier": "Position",
                "Value": "{\"IsEmpty\":false,\"Length\":0.70710677,\"LengthSquared\":0.5,\"X\":0.5,\"Y\":0.5}",
                "KeyframesEnabled": false,
                "DataBinding": {
                  "$type": "Artemis.Storage.Entities.Profile.DataBindings.DataBindingEntity, Artemis.Storage",
                  "Identifier": null,
                  "IsEnabled": false,
                  "NodeScript": null
                },
                "KeyframeEntities": {
                  "$type": "System.Collections.Generic.List`1[[Artemis.Storage.Entities.Profile.KeyframeEntity, Artemis.Storage]], System.Private.CoreLib",
                  "$values": []
                }
              },
              {
                "$type": "Artemis.Storage.Entities.Profile.PropertyEntity, Artemis.Storage",
                "Identifier": "Scale",
                "Value": "{\"IsEmpty\":false,\"Width\":100.0,\"Height\":100.0}",
                "KeyframesEnabled": false,
                "DataBinding": {
                  "$type": "Artemis.Storage.Entities.Profile.DataBindings.DataBindingEntity, Artemis.Storage",
                  "Identifier": null,
                  "IsEnabled": false,
                  "NodeScript": null
                },
                "KeyframeEntities": {
                  "$type": "System.Collections.Generic.List`1[[Artemis.Storage.Entities.Profile.KeyframeEntity, Artemis.Storage]], System.Private.CoreLib",
                  "$values": []
                }
              },
              {
                "$type": "Artemis.Storage.Entities.Profile.PropertyEntity, Artemis.Storage",
                "Identifier": "Rotation",
                "Value": "0.0",
                "KeyframesEnabled": false,
                "DataBinding": {
                  "$type": "Artemis.Storage.Entities.Profile.DataBindings.DataBindingEntity, Artemis.Storage",
                  "Identifier": null,
                  "IsEnabled": false,
                  "NodeScript": null
                },
                "KeyframeEntities": {
                  "$type": "System.Collections.Generic.List`1[[Artemis.Storage.Entities.Profile.KeyframeEntity, Artemis.Storage]], System.Private.CoreLib",
                  "$values": []
                }
              },
              {
                "$type": "Artemis.Storage.Entities.Profile.PropertyEntity, Artemis.Storage",
                "Identifier": "Opacity",
                "Value": "100.0",
                "KeyframesEnabled": false,
                "DataBinding": {
                  "$type": "Artemis.Storage.Entities.Profile.DataBindings.DataBindingEntity, Artemis.Storage",
                  "Identifier": null,
                  "IsEnabled": false,
                  "NodeScript": null
                },
                "KeyframeEntities": {
                  "$type": "System.Collections.Generic.List`1[[Artemis.Storage.Entities.Profile.KeyframeEntity, Artemis.Storage]], System.Private.CoreLib",
                  "$values": []
                }
              }
            ]
          },
          "PropertyGroups": {
            "$type": "System.Collections.Generic.List`1[[Artemis.Storage.Entities.Profile.PropertyGroupEntity, Artemis.Storage]], System.Private.CoreLib",
            "$values": []
          }
        },
        "LayerBrush": {
          "$type": "Artemis.Storage.Entities.Profile.LayerBrushEntity, Artemis.Storage",
          "ProviderId": "Artemis.Plugins.LayerBrushes.Color.ColorBrushProvider-92a9d6ba",
          "BrushType": "Artemis.Plugins.LayerBrushes.Color.LinearGradientBrush",
          "PropertyGroup": {
            "$type": "Artemis.Storage.Entities.Profile.PropertyGroupEntity, Artemis.Storage",
            "Identifier": "Brush",
            "Properties": {
              "$type": "System.Collections.Generic.List`1[[Artemis.Storage.Entities.Profile.PropertyEntity, Artemis.Storage]], System.Private.CoreLib",
              "$values": [
                {
                  "$type": "Artemis.Storage.Entities.Profile.PropertyEntity, Artemis.Storage",
                  "Identifier": "Colors",
                  "Value": "[{\"Color\":\"#ff000000\",\"Position\":0.1},{\"Color\":\"#ff00ffa5\",\"Position\":0.3},{\"Color\":\"#ff00bea4\",\"Position\":0.5},{\"Color\":\"#ff7911b9\",\"Position\":0.7},{\"Color\":\"#ff000000\",\"Position\":0.9}]",
                  "KeyframesEnabled": false,
                  "DataBinding": {
                    "$type": "Artemis.Storage.Entities.Profile.DataBindings.DataBindingEntity, Artemis.Storage",
                    "Identifier": null,
                    "IsEnabled": false,
                    "NodeScript": null
                  },
                  "KeyframeEntities": {
                    "$type": "System.Collections.Generic.List`1[[Artemis.Storage.Entities.Profile.KeyframeEntity, Artemis.Storage]], System.Private.CoreLib",
                    "$values": []
                  }
                },
                {
                  "$type": "Artemis.Storage.Entities.Profile.PropertyEntity, Artemis.Storage",
                  "Identifier": "WaveSize",
                  "Value": "100",
                  "KeyframesEnabled": false,
                  "DataBinding": {
                    "$type": "Artemis.Storage.Entities.Profile.DataBindings.DataBindingEntity, Artemis.Storage",
                    "Identifier": null,
                    "IsEnabled": false,
                    "NodeScript": null
                  },
                  "KeyframeEntities": {
                    "$type": "System.Collections.Generic.List`1[[Artemis.Storage.Entities.Profile.KeyframeEntity, Artemis.Storage]], System.Private.CoreLib",
                    "$values": []
                  }
                },
                {
                  "$type": "Artemis.Storage.Entities.Profile.PropertyEntity, Artemis.Storage",
                  "Identifier": "Orientation",
                  "Value": "0",
                  "KeyframesEnabled": false,
                  "DataBinding": {
                    "$type": "Artemis.Storage.Entities.Profile.DataBindings.DataBindingEntity, Artemis.Storage",
                    "Identifier": null,
                    "IsEnabled": false,
                    "NodeScript": null
                  },
                  "KeyframeEntities": {
                    "$type": "System.Collections.Generic.List`1[[Artemis.Storage.Entities.Profile.KeyframeEntity, Artemis.Storage]], System.Private.CoreLib",
                    "$values": []
                  }
                },
                {
                  "$type": "Artemis.Storage.Entities.Profile.PropertyEntity, Artemis.Storage",
                  "Identifier": "TileMode",
                  "Value": "1",
                  "KeyframesEnabled": false,
                  "DataBinding": {
                    "$type": "Artemis.Storage.Entities.Profile.DataBindings.DataBindingEntity, Artemis.Storage",
                    "Identifier": null,
                    "IsEnabled": false,
                    "NodeScript": null
                  },
                  "KeyframeEntities": {
                    "$type": "System.Collections.Generic.List`1[[Artemis.Storage.Entities.Profile.KeyframeEntity, Artemis.Storage]], System.Private.CoreLib",
                    "$values": []
                  }
                },
                {
                  "$type": "Artemis.Storage.Entities.Profile.PropertyEntity, Artemis.Storage",
                  "Identifier": "Rotation",
                  "Value": "0.0",
                  "KeyframesEnabled": false,
                  "DataBinding": {
                    "$type": "Artemis.Storage.Entities.Profile.DataBindings.DataBindingEntity, Artemis.Storage",
                    "Identifier": null,
                    "IsEnabled": false,
                    "NodeScript": null
                  },
                  "KeyframeEntities": {
                    "$type": "System.Collections.Generic.List`1[[Artemis.Storage.Entities.Profile.KeyframeEntity, Artemis.Storage]], System.Private.CoreLib",
                    "$values": []
                  }
                },
                {
                  "$type": "Artemis.Storage.Entities.Profile.PropertyEntity, Artemis.Storage",
                  "Identifier": "ScrollSpeed",
                  "Value": "{\"IsEmpty\":false,\"Length\":10.0,\"LengthSquared\":100.0,\"X\":10.0,\"Y\":0.0}",
                  "KeyframesEnabled": false,
                  "DataBinding": {
                    "$type": "Artemis.Storage.Entities.Profile.DataBindings.DataBindingEntity, Artemis.Storage",
                    "Identifier": null,
                    "IsEnabled": false,
                    "NodeScript": null
                  },
                  "KeyframeEntities": {
                    "$type": "System.Collections.Generic.List`1[[Artemis.Storage.Entities.Profile.KeyframeEntity, Artemis.Storage]], System.Private.CoreLib",
                    "$values": []
                  }
                }
              ]
            },
            "PropertyGroups": {
              "$type": "System.Collections.Generic.List`1[[Artemis.Storage.Entities.Profile.PropertyGroupEntity, Artemis.Storage]], System.Private.CoreLib",
              "$values": []
            }
          }
        },
        "Profile": null,
        "ProfileId": "362fe6c3-4c92-457a-9e02-5a3f768157bb",
        "Id": "56e0b7cd-f0f8-4e3c-8ffd-5351b48b8dd3",
        "ParentId": "69995cfa-4308-474c-b0ec-433a0f99ad84",
        "LayerEffects": {
          "$type": "System.Collections.Generic.List`1[[Artemis.Storage.Entities.Profile.LayerEffectEntity, Artemis.Storage]], System.Private.CoreLib",
          "$values": []
        },
        "DisplayCondition": {
          "$type": "Artemis.Storage.Entities.Profile.Conditions.AlwaysOnConditionEntity, Artemis.Storage"
        },
        "Timeline": {
          "$type": "Artemis.Storage.Entities.Profile.TimelineEntity, Artemis.Storage",
          "StartSegmentLength": "00:00:00",
          "MainSegmentLength": "00:00:05",
          "EndSegmentLength": "00:00:00"
        }
      }
    ]
  },
  "ScriptConfigurations": {
    "$type": "System.Collections.Generic.List`1[[Artemis.Storage.Entities.General.ScriptConfigurationEntity, Artemis.Storage]], System.Private.CoreLib",
    "$values": []
  }
}