{
  "$type": "Artemis.Storage.Entities.Profile.ProfileConfigurationEntity, Artemis.Storage",
  "Name": "Spotify - imported",
  "MaterialIcon": "Spotify",
  "FileIconId": "00000000-0000-0000-0000-000000000000",
  "IconType": 0,
  "IconFill": false,
  "Order": 1,
  "IsSuspended": false,
  "ActivationBehaviour": 0,
  "ActivationCondition": {
    "$type": "Artemis.Storage.Entities.Profile.Nodes.NodeScriptEntity, Artemis.Storage",
    "Name": "Activate profile",
    "Description": "Whether or not the profile should be active",
    "Nodes": {
      "$type": "System.Collections.Generic.List`1[[Artemis.Storage.Entities.Profile.Nodes.NodeEntity, Artemis.Storage]], System.Private.CoreLib",
      "$values": [
        {
          "$type": "Artemis.Storage.Entities.Profile.Nodes.NodeEntity, Artemis.Storage",
          "Id": "410c824d-c5e3-4e3a-8080-d50f6c8b83b8",
          "Type": "ExitNode`1",
          "PluginId": "ffffffff-ffff-ffff-ffff-ffffffffffff",
          "Name": "Activate profile",
          "Description": "Whether or not the profile should be active",
          "IsExitNode": true,
          "X": -150.0,
          "Y": -70.0,
          "Storage": "",
          "PinCollections": {
            "$type": "System.Collections.Generic.List`1[[Artemis.Storage.Entities.Profile.Nodes.NodePinCollectionEntity, Artemis.Storage]], System.Private.CoreLib",
            "$values": []
          }
        },
        {
          "$type": "Artemis.Storage.Entities.Profile.Nodes.NodeEntity, Artemis.Storage",
          "Id": "910a315c-cf01-40d7-8cba-1a2984825570",
          "Type": "DelayNode",
          "PluginId": "ffffffff-ffff-ffff-ffff-ffffffffffff",
          "Name": "Delay",
          "Description": "Delays the resolution of the input pin(s) for the given time after each update",
          "IsExitNode": false,
          "X": -660.0,
          "Y": -120.0,
          "Storage": "",
          "PinCollections": {
            "$type": "System.Collections.Generic.List`1[[Artemis.Storage.Entities.Profile.Nodes.NodePinCollectionEntity, Artemis.Storage]], System.Private.CoreLib",
            "$values": [
              {
                "$type": "Artemis.Storage.Entities.Profile.Nodes.NodePinCollectionEntity, Artemis.Storage",
                "Id": 0,
                "Direction": 0,
                "Amount": 1
              }
            ]
          }
        },
        {
          "$type": "Artemis.Storage.Entities.Profile.Nodes.NodeEntity, Artemis.Storage",
          "Id": "e767bba0-f33c-475f-a6cc-8639d5bce0cb",
          "Type": "StaticNumericValueNode",
          "PluginId": "ffffffff-ffff-ffff-ffff-ffffffffffff",
          "Name": "Numeric",
          "Description": "Outputs a configurable static numeric value.",
          "IsExitNode": false,
          "X": -940.0,
          "Y": -180.0,
          "Storage": "1000.0",
          "PinCollections": {
            "$type": "System.Collections.Generic.List`1[[Artemis.Storage.Entities.Profile.Nodes.NodePinCollectionEntity, Artemis.Storage]], System.Private.CoreLib",
            "$values": []
          }
        },
        {
          "$type": "Artemis.Storage.Entities.Profile.Nodes.NodeEntity, Artemis.Storage",
          "Id": "24b4a277-7c1f-4ae9-8e67-758f744f759b",
          "Type": "DataModelNode",
          "PluginId": "ffffffff-ffff-ffff-ffff-ffffffffffff",
          "Name": "Data Model-Value",
          "Description": "Outputs a selectable data model value.",
          "IsExitNode": false,
          "X": -930.0,
          "Y": -60.0,
          "Storage": "{\"$type\":\"Artemis.Storage.Entities.Profile.DataModelPathEntity, Artemis.Storage\",\"Path\":\"Player.IsPlaying\",\"DataModelId\":\"Artemis.Plugins.Modules.Spotify.SpotifyModule-76d139ad\",\"Type\":null}",
          "PinCollections": {
            "$type": "System.Collections.Generic.List`1[[Artemis.Storage.Entities.Profile.Nodes.NodePinCollectionEntity, Artemis.Storage]], System.Private.CoreLib",
            "$values": []
          }
        },
        {
          "$type": "Artemis.Storage.Entities.Profile.Nodes.NodeEntity, Artemis.Storage",
          "Id": "8687d07d-c1cd-4e54-a111-8de46c0c7d4b",
          "Type": "DataModelNode",
          "PluginId": "ffffffff-ffff-ffff-ffff-ffffffffffff",
          "Name": "Data Model-Value",
          "Description": "Outputs a selectable data model value.",
          "IsExitNode": false,
          "X": -980.0,
          "Y": 50.0,
          "Storage": "{\"$type\":\"Artemis.Storage.Entities.Profile.DataModelPathEntity, Artemis.Storage\",\"Path\":\"5497995b-551e-41f6-aeaf-cd70a43833bc.8a577568-f6f8-4c46-a273-94b73bfad8bf.ActivationConditionMet\",\"DataModelId\":\"Artemis.Plugins.Modules.Profiles.ProfilesModule-b79d14b5\",\"Type\":\"System.Boolean\"}",
          "PinCollections": {
            "$type": "System.Collections.Generic.List`1[[Artemis.Storage.Entities.Profile.Nodes.NodePinCollectionEntity, Artemis.Storage]], System.Private.CoreLib",
            "$values": []
          }
        },
        {
          "$type": "Artemis.Storage.Entities.Profile.Nodes.NodeEntity, Artemis.Storage",
          "Id": "aaf27820-17f2-4ad7-94f6-334fc95afb06",
          "Type": "NegateNode",
          "PluginId": "ffffffff-ffff-ffff-ffff-ffffffffffff",
          "Name": "Negate",
          "Description": "Negates the boolean.",
          "IsExitNode": false,
          "X": -620.0,
          "Y": 50.0,
          "Storage": "",
          "PinCollections": {
            "$type": "System.Collections.Generic.List`1[[Artemis.Storage.Entities.Profile.Nodes.NodePinCollectionEntity, Artemis.Storage]], System.Private.CoreLib",
            "$values": []
          }
        },
        {
          "$type": "Artemis.Storage.Entities.Profile.Nodes.NodeEntity, Artemis.Storage",
          "Id": "c949839d-779a-4da8-816f-213293ede871",
          "Type": "DataModelNode",
          "PluginId": "ffffffff-ffff-ffff-ffff-ffffffffffff",
          "Name": "Data Model-Value",
          "Description": "Outputs a selectable data model value.",
          "IsExitNode": false,
          "X": -980.0,
          "Y": 150.0,
          "Storage": "{\"$type\":\"Artemis.Storage.Entities.Profile.DataModelPathEntity, Artemis.Storage\",\"Path\":\"5497995b-551e-41f6-aeaf-cd70a43833bc.312e295d-ff37-4d42-939b-f3ae4d1688bc.IsSuspended\",\"DataModelId\":\"Artemis.Plugins.Modules.Profiles.ProfilesModule-b79d14b5\",\"Type\":\"System.Boolean\"}",
          "PinCollections": {
            "$type": "System.Collections.Generic.List`1[[Artemis.Storage.Entities.Profile.Nodes.NodePinCollectionEntity, Artemis.Storage]], System.Private.CoreLib",
            "$values": []
          }
        },
        {
          "$type": "Artemis.Storage.Entities.Profile.Nodes.NodeEntity, Artemis.Storage",
          "Id": "ab3f1d8f-c774-4c91-b835-6b9f6eb95fa7",
          "Type": "EqualsNode",
          "PluginId": "ffffffff-ffff-ffff-ffff-ffffffffffff",
          "Name": "Equals",
          "Description": "Checks if the two inputs are equals.",
          "IsExitNode": false,
          "X": -470.0,
          "Y": 160.0,
          "Storage": "",
          "PinCollections": {
            "$type": "System.Collections.Generic.List`1[[Artemis.Storage.Entities.Profile.Nodes.NodePinCollectionEntity, Artemis.Storage]], System.Private.CoreLib",
            "$values": []
          }
        },
        {
          "$type": "Artemis.Storage.Entities.Profile.Nodes.NodeEntity, Artemis.Storage",
          "Id": "f3b83012-cf6f-498c-888d-4d9e13ebdd89",
          "Type": "NegateNode",
          "PluginId": "ffffffff-ffff-ffff-ffff-ffffffffffff",
          "Name": "Negate",
          "Description": "Negates the boolean.",
          "IsExitNode": false,
          "X": -680.0,
          "Y": 160.0,
          "Storage": "",
          "PinCollections": {
            "$type": "System.Collections.Generic.List`1[[Artemis.Storage.Entities.Profile.Nodes.NodePinCollectionEntity, Artemis.Storage]], System.Private.CoreLib",
            "$values": []
          }
        },
        {
          "$type": "Artemis.Storage.Entities.Profile.Nodes.NodeEntity, Artemis.Storage",
          "Id": "3e0596d4-6dee-4b00-9e95-607c8bf2b77b",
          "Type": "AndNode",
          "PluginId": "ffffffff-ffff-ffff-ffff-ffffffffffff",
          "Name": "And",
          "Description": "Checks if all inputs are true.",
          "IsExitNode": false,
          "X": -340.0,
          "Y": -50.0,
          "Storage": "",
          "PinCollections": {
            "$type": "System.Collections.Generic.List`1[[Artemis.Storage.Entities.Profile.Nodes.NodePinCollectionEntity, Artemis.Storage]], System.Private.CoreLib",
            "$values": [
              {
                "$type": "Artemis.Storage.Entities.Profile.Nodes.NodePinCollectionEntity, Artemis.Storage",
                "Id": 0,
                "Direction": 0,
                "Amount": 2
              }
            ]
          }
        }
      ]
    },
    "Connections": {
      "$type": "System.Collections.Generic.List`1[[Artemis.Storage.Entities.Profile.Nodes.NodeConnectionEntity, Artemis.Storage]], System.Private.CoreLib",
      "$values": [
        {
          "$type": "Artemis.Storage.Entities.Profile.Nodes.NodeConnectionEntity, Artemis.Storage",
          "SourceType": "Boolean",
          "SourceNode": "410c824d-c5e3-4e3a-8080-d50f6c8b83b8",
          "TargetNode": "3e0596d4-6dee-4b00-9e95-607c8bf2b77b",
          "SourcePinCollectionId": -1,
          "SourcePinId": 0,
          "TargetType": "Boolean",
          "TargetPinCollectionId": -1,
          "TargetPinId": 0
        },
        {
          "$type": "Artemis.Storage.Entities.Profile.Nodes.NodeConnectionEntity, Artemis.Storage",
          "SourceType": "Numeric",
          "SourceNode": "910a315c-cf01-40d7-8cba-1a2984825570",
          "TargetNode": "e767bba0-f33c-475f-a6cc-8639d5bce0cb",
          "SourcePinCollectionId": -1,
          "SourcePinId": 0,
          "TargetType": "Numeric",
          "TargetPinCollectionId": -1,
          "TargetPinId": 0
        },
        {
          "$type": "Artemis.Storage.Entities.Profile.Nodes.NodeConnectionEntity, Artemis.Storage",
          "SourceType": "Object",
          "SourceNode": "910a315c-cf01-40d7-8cba-1a2984825570",
          "TargetNode": "24b4a277-7c1f-4ae9-8e67-758f744f759b",
          "SourcePinCollectionId": 0,
          "SourcePinId": 0,
          "TargetType": "Boolean",
          "TargetPinCollectionId": -1,
          "TargetPinId": 0
        },
        {
          "$type": "Artemis.Storage.Entities.Profile.Nodes.NodeConnectionEntity, Artemis.Storage",
          "SourceType": "Boolean",
          "SourceNode": "aaf27820-17f2-4ad7-94f6-334fc95afb06",
          "TargetNode": "8687d07d-c1cd-4e54-a111-8de46c0c7d4b",
          "SourcePinCollectionId": -1,
          "SourcePinId": 0,
          "TargetType": "Boolean",
          "TargetPinCollectionId": -1,
          "TargetPinId": 0
        },
        {
          "$type": "Artemis.Storage.Entities.Profile.Nodes.NodeConnectionEntity, Artemis.Storage",
          "SourceType": "Object",
          "SourceNode": "ab3f1d8f-c774-4c91-b835-6b9f6eb95fa7",
          "TargetNode": "aaf27820-17f2-4ad7-94f6-334fc95afb06",
          "SourcePinCollectionId": -1,
          "SourcePinId": 0,
          "TargetType": "Boolean",
          "TargetPinCollectionId": -1,
          "TargetPinId": 1
        },
        {
          "$type": "Artemis.Storage.Entities.Profile.Nodes.NodeConnectionEntity, Artemis.Storage",
          "SourceType": "Object",
          "SourceNode": "ab3f1d8f-c774-4c91-b835-6b9f6eb95fa7",
          "TargetNode": "f3b83012-cf6f-498c-888d-4d9e13ebdd89",
          "SourcePinCollectionId": -1,
          "SourcePinId": 1,
          "TargetType": "Boolean",
          "TargetPinCollectionId": -1,
          "TargetPinId": 1
        },
        {
          "$type": "Artemis.Storage.Entities.Profile.Nodes.NodeConnectionEntity, Artemis.Storage",
          "SourceType": "Boolean",
          "SourceNode": "f3b83012-cf6f-498c-888d-4d9e13ebdd89",
          "TargetNode": "c949839d-779a-4da8-816f-213293ede871",
          "SourcePinCollectionId": -1,
          "SourcePinId": 0,
          "TargetType": "Boolean",
          "TargetPinCollectionId": -1,
          "TargetPinId": 0
        },
        {
          "$type": "Artemis.Storage.Entities.Profile.Nodes.NodeConnectionEntity, Artemis.Storage",
          "SourceType": "Boolean",
          "SourceNode": "3e0596d4-6dee-4b00-9e95-607c8bf2b77b",
          "TargetNode": "910a315c-cf01-40d7-8cba-1a2984825570",
          "SourcePinCollectionId": 0,
          "SourcePinId": 0,
          "TargetType": "Boolean",
          "TargetPinCollectionId": -1,
          "TargetPinId": 3
        },
        {
          "$type": "Artemis.Storage.Entities.Profile.Nodes.NodeConnectionEntity, Artemis.Storage",
          "SourceType": "Boolean",
          "SourceNode": "3e0596d4-6dee-4b00-9e95-607c8bf2b77b",
          "TargetNode": "ab3f1d8f-c774-4c91-b835-6b9f6eb95fa7",
          "SourcePinCollectionId": 0,
          "SourcePinId": 1,
          "TargetType": "Boolean",
          "TargetPinCollectionId": -1,
          "TargetPinId": 2
        }
      ]
    }
  },
  "HotkeyMode": 0,
  "EnableHotkey": null,
  "DisableHotkey": null,
  "ModuleId": null,
  "ProfileCategoryId": "5497995b-551e-41f6-aeaf-cd70a43833bc",
  "ProfileId": "984df868-c25b-4fab-84b7-08827a46e131",
  "FadeInAndOut": false
}