{
  "$type": "Artemis.Storage.Entities.Profile.ProfileConfigurationEntity, Artemis.Storage",
  "Name": "LightAway - AFK Low Led Mode",
  "MaterialIcon": "LightbulbNightOutline",
  "FileIconId": "00000000-0000-0000-0000-000000000000",
  "IconType": 0,
  "IconFill": false,
  "Order": 0,
  "IsSuspended": false,
  "ActivationBehaviour": 0,
  "ActivationCondition": {
    "$type": "Artemis.Storage.Entities.Profile.Nodes.NodeScriptEntity, Artemis.Storage",
    "Name": "Activate profile",
    "Description": "Whether or not the profile should be active",
    "Nodes": {
      "$type": "System.Collections.Generic.List`1[[Artemis.Storage.Entities.Profile.Nodes.NodeEntity, Artemis.Storage]], System.Private.CoreLib",
      "$values": [
        {
          "$type": "Artemis.Storage.Entities.Profile.Nodes.NodeEntity, Artemis.Storage",
          "Id": "410c824d-c5e3-4e3a-8080-d50f6c8b83b8",
          "Type": "ExitNode`1",
          "PluginId": "ffffffff-ffff-ffff-ffff-ffffffffffff",
          "Name": "Activate profile",
          "Description": "Whether or not the profile should be active",
          "IsExitNode": true,
          "X": 1170.0,
          "Y": 250.0,
          "Storage": "",
          "PinCollections": {
            "$type": "System.Collections.Generic.List`1[[Artemis.Storage.Entities.Profile.Nodes.NodePinCollectionEntity, Artemis.Storage]], System.Private.CoreLib",
            "$values": []
          }
        },
        {
          "$type": "Artemis.Storage.Entities.Profile.Nodes.NodeEntity, Artemis.Storage",
          "Id": "05463b7b-70a0-4390-8708-f569026e12e3",
          "Type": "StaticNumericValueNode",
          "PluginId": "ffffffff-ffff-ffff-ffff-ffffffffffff",
          "Name": "Numeric",
          "Description": "Outputs a configurable static numeric value.",
          "IsExitNode": false,
          "X": 150.0,
          "Y": -70.0,
          "Storage": "300.0",
          "PinCollections": {
            "$type": "System.Collections.Generic.List`1[[Artemis.Storage.Entities.Profile.Nodes.NodePinCollectionEntity, Artemis.Storage]], System.Private.CoreLib",
            "$values": []
          }
        },
        {
          "$type": "Artemis.Storage.Entities.Profile.Nodes.NodeEntity, Artemis.Storage",
          "Id": "65544cf1-8998-4434-bb3a-bfd4b23d24c1",
          "Type": "StaticNumericValueNode",
          "PluginId": "ffffffff-ffff-ffff-ffff-ffffffffffff",
          "Name": "Numeric",
          "Description": "Outputs a configurable static numeric value.",
          "IsExitNode": false,
          "X": 150.0,
          "Y": -250.0,
          "Storage": "5.0",
          "PinCollections": {
            "$type": "System.Collections.Generic.List`1[[Artemis.Storage.Entities.Profile.Nodes.NodePinCollectionEntity, Artemis.Storage]], System.Private.CoreLib",
            "$values": []
          }
        },
        {
          "$type": "Artemis.Storage.Entities.Profile.Nodes.NodeEntity, Artemis.Storage",
          "Id": "deebe528-09dd-4963-93e3-45128adb3bd6",
          "Type": "AndNode",
          "PluginId": "ffffffff-ffff-ffff-ffff-ffffffffffff",
          "Name": "And",
          "Description": "Checks if all inputs are true.",
          "IsExitNode": false,
          "X": 590.0,
          "Y": -200.0,
          "Storage": "",
          "PinCollections": {
            "$type": "System.Collections.Generic.List`1[[Artemis.Storage.Entities.Profile.Nodes.NodePinCollectionEntity, Artemis.Storage]], System.Private.CoreLib",
            "$values": [
              {
                "$type": "Artemis.Storage.Entities.Profile.Nodes.NodePinCollectionEntity, Artemis.Storage",
                "Id": 0,
                "Direction": 0,
                "Amount": 2
              }
            ]
          }
        },
        {
          "$type": "Artemis.Storage.Entities.Profile.Nodes.NodeEntity, Artemis.Storage",
          "Id": "4296b827-b4db-4d9c-a74f-bbba0101ce25",
          "Type": "GreaterThanNode",
          "PluginId": "ffffffff-ffff-ffff-ffff-ffffffffffff",
          "Name": "Greater than",
          "Description": "Checks if the first input is greater than the second.",
          "IsExitNode": false,
          "X": 350.0,
          "Y": -150.0,
          "Storage": "",
          "PinCollections": {
            "$type": "System.Collections.Generic.List`1[[Artemis.Storage.Entities.Profile.Nodes.NodePinCollectionEntity, Artemis.Storage]], System.Private.CoreLib",
            "$values": []
          }
        },
        {
          "$type": "Artemis.Storage.Entities.Profile.Nodes.NodeEntity, Artemis.Storage",
          "Id": "9a6506bb-c894-4b7a-87a2-302a92e5b12f",
          "Type": "GreaterThanNode",
          "PluginId": "ffffffff-ffff-ffff-ffff-ffffffffffff",
          "Name": "Greater than",
          "Description": "Checks if the first input is greater than the second.",
          "IsExitNode": false,
          "X": 350.0,
          "Y": -330.0,
          "Storage": "",
          "PinCollections": {
            "$type": "System.Collections.Generic.List`1[[Artemis.Storage.Entities.Profile.Nodes.NodePinCollectionEntity, Artemis.Storage]], System.Private.CoreLib",
            "$values": []
          }
        },
        {
          "$type": "Artemis.Storage.Entities.Profile.Nodes.NodeEntity, Artemis.Storage",
          "Id": "2628544e-a073-43ab-a9bb-252869f13ab8",
          "Type": "OrNode",
          "PluginId": "ffffffff-ffff-ffff-ffff-ffffffffffff",
          "Name": "Or",
          "Description": "Checks if any inputs are true.",
          "IsExitNode": false,
          "X": 990.0,
          "Y": 250.0,
          "Storage": "",
          "PinCollections": {
            "$type": "System.Collections.Generic.List`1[[Artemis.Storage.Entities.Profile.Nodes.NodePinCollectionEntity, Artemis.Storage]], System.Private.CoreLib",
            "$values": [
              {
                "$type": "Artemis.Storage.Entities.Profile.Nodes.NodePinCollectionEntity, Artemis.Storage",
                "Id": 0,
                "Direction": 0,
                "Amount": 2
              }
            ]
          }
        },
        {
          "$type": "Artemis.Storage.Entities.Profile.Nodes.NodeEntity, Artemis.Storage",
          "Id": "4cf15892-c2b5-4946-a0ff-2989b7c79ee8",
          "Type": "RoundNode",
          "PluginId": "ffffffff-ffff-ffff-ffff-ffffffffffff",
          "Name": "Round",
          "Description": "Outputs a rounded numeric value.",
          "IsExitNode": false,
          "X": 180.0,
          "Y": -150.0,
          "Storage": "",
          "PinCollections": {
            "$type": "System.Collections.Generic.List`1[[Artemis.Storage.Entities.Profile.Nodes.NodePinCollectionEntity, Artemis.Storage]], System.Private.CoreLib",
            "$values": []
          }
        },
        {
          "$type": "Artemis.Storage.Entities.Profile.Nodes.NodeEntity, Artemis.Storage",
          "Id": "e3c2bf0c-79b3-464f-ad82-6e831f3f0cae",
          "Type": "DataModelEventNode",
          "PluginId": "ffffffff-ffff-ffff-ffff-ffffffffffff",
          "Name": "Data Model-Event",
          "Description": "Outputs the latest values of a data model event.",
          "IsExitNode": false,
          "X": 70.0,
          "Y": 220.0,
          "Storage": "{\"$type\":\"Artemis.Storage.Entities.Profile.DataModelPathEntity, Artemis.Storage\",\"Path\":\"SessionLocked\",\"DataModelId\":\"Artemis.MediaInfo.WindowsInfoModule-a2b4eb5c\",\"Type\":null}",
          "PinCollections": {
            "$type": "System.Collections.Generic.List`1[[Artemis.Storage.Entities.Profile.Nodes.NodePinCollectionEntity, Artemis.Storage]], System.Private.CoreLib",
            "$values": []
          }
        },
        {
          "$type": "Artemis.Storage.Entities.Profile.Nodes.NodeEntity, Artemis.Storage",
          "Id": "284278a9-5ff4-401b-ac2c-1d21f559aca4",
          "Type": "DataModelNode",
          "PluginId": "ffffffff-ffff-ffff-ffff-ffffffffffff",
          "Name": "Data Model-Value",
          "Description": "Outputs a selectable data model value.",
          "IsExitNode": false,
          "X": -380.0,
          "Y": -150.0,
          "Storage": "{\"$type\":\"Artemis.Storage.Entities.Profile.DataModelPathEntity, Artemis.Storage\",\"Path\":\"TimeSinceLastInput.TotalSeconds\",\"DataModelId\":\"Artemis.Plugins.Input.DataModelExpansion.InputDataModelExpansion-87e2c9a3\",\"Type\":null}",
          "PinCollections": {
            "$type": "System.Collections.Generic.List`1[[Artemis.Storage.Entities.Profile.Nodes.NodePinCollectionEntity, Artemis.Storage]], System.Private.CoreLib",
            "$values": []
          }
        },
        {
          "$type": "Artemis.Storage.Entities.Profile.Nodes.NodeEntity, Artemis.Storage",
          "Id": "5fccd5e4-4779-4e9b-a099-bb6e5d6dd155",
          "Type": "DataModelNode",
          "PluginId": "ffffffff-ffff-ffff-ffff-ffffffffffff",
          "Name": "Data Model-Value",
          "Description": "Outputs a selectable data model value.",
          "IsExitNode": false,
          "X": -70.0,
          "Y": -330.0,
          "Storage": "{\"$type\":\"Artemis.Storage.Entities.Profile.DataModelPathEntity, Artemis.Storage\",\"Path\":\"TimeSinceLastSound.Seconds\",\"DataModelId\":\"Artemis.Plugins.Audio.DataModelExpansion.PlaybackVolumeModule-c9af6416\",\"Type\":\"System.Int32\"}",
          "PinCollections": {
            "$type": "System.Collections.Generic.List`1[[Artemis.Storage.Entities.Profile.Nodes.NodePinCollectionEntity, Artemis.Storage]], System.Private.CoreLib",
            "$values": []
          }
        },
        {
          "$type": "Artemis.Storage.Entities.Profile.Nodes.NodeEntity, Artemis.Storage",
          "Id": "5418ff73-73b8-49d8-8519-94da42c52c80",
          "Type": "StaticStringValueNode",
          "PluginId": "ffffffff-ffff-ffff-ffff-ffffffffffff",
          "Name": "Text",
          "Description": "Outputs a configurable static text value.",
          "IsExitNode": false,
          "X": 150.0,
          "Y": 20.0,
          "Storage": "\"change this Numeric to modify the time needed (in seconds) to enable AFK mode\"",
          "PinCollections": {
            "$type": "System.Collections.Generic.List`1[[Artemis.Storage.Entities.Profile.Nodes.NodePinCollectionEntity, Artemis.Storage]], System.Private.CoreLib",
            "$values": []
          }
        }
      ]
    },
    "Connections": {
      "$type": "System.Collections.Generic.List`1[[Artemis.Storage.Entities.Profile.Nodes.NodeConnectionEntity, Artemis.Storage]], System.Private.CoreLib",
      "$values": [
        {
          "$type": "Artemis.Storage.Entities.Profile.Nodes.NodeConnectionEntity, Artemis.Storage",
          "SourceType": "Boolean",
          "SourceNode": "410c824d-c5e3-4e3a-8080-d50f6c8b83b8",
          "TargetNode": "2628544e-a073-43ab-a9bb-252869f13ab8",
          "SourcePinCollectionId": -1,
          "SourcePinId": 0,
          "TargetType": "Boolean",
          "TargetPinCollectionId": -1,
          "TargetPinId": 0
        },
        {
          "$type": "Artemis.Storage.Entities.Profile.Nodes.NodeConnectionEntity, Artemis.Storage",
          "SourceType": "Boolean",
          "SourceNode": "deebe528-09dd-4963-93e3-45128adb3bd6",
          "TargetNode": "9a6506bb-c894-4b7a-87a2-302a92e5b12f",
          "SourcePinCollectionId": 0,
          "SourcePinId": 0,
          "TargetType": "Boolean",
          "TargetPinCollectionId": -1,
          "TargetPinId": 2
        },
        {
          "$type": "Artemis.Storage.Entities.Profile.Nodes.NodeConnectionEntity, Artemis.Storage",
          "SourceType": "Boolean",
          "SourceNode": "deebe528-09dd-4963-93e3-45128adb3bd6",
          "TargetNode": "4296b827-b4db-4d9c-a74f-bbba0101ce25",
          "SourcePinCollectionId": 0,
          "SourcePinId": 1,
          "TargetType": "Boolean",
          "TargetPinCollectionId": -1,
          "TargetPinId": 2
        },
        {
          "$type": "Artemis.Storage.Entities.Profile.Nodes.NodeConnectionEntity, Artemis.Storage",
          "SourceType": "Object",
          "SourceNode": "4296b827-b4db-4d9c-a74f-bbba0101ce25",
          "TargetNode": "4cf15892-c2b5-4946-a0ff-2989b7c79ee8",
          "SourcePinCollectionId": -1,
          "SourcePinId": 0,
          "TargetType": "Numeric",
          "TargetPinCollectionId": -1,
          "TargetPinId": 1
        },
        {
          "$type": "Artemis.Storage.Entities.Profile.Nodes.NodeConnectionEntity, Artemis.Storage",
          "SourceType": "Object",
          "SourceNode": "4296b827-b4db-4d9c-a74f-bbba0101ce25",
          "TargetNode": "05463b7b-70a0-4390-8708-f569026e12e3",
          "SourcePinCollectionId": -1,
          "SourcePinId": 1,
          "TargetType": "Numeric",
          "TargetPinCollectionId": -1,
          "TargetPinId": 0
        },
        {
          "$type": "Artemis.Storage.Entities.Profile.Nodes.NodeConnectionEntity, Artemis.Storage",
          "SourceType": "Object",
          "SourceNode": "9a6506bb-c894-4b7a-87a2-302a92e5b12f",
          "TargetNode": "5fccd5e4-4779-4e9b-a099-bb6e5d6dd155",
          "SourcePinCollectionId": -1,
          "SourcePinId": 0,
          "TargetType": "Numeric",
          "TargetPinCollectionId": -1,
          "TargetPinId": 0
        },
        {
          "$type": "Artemis.Storage.Entities.Profile.Nodes.NodeConnectionEntity, Artemis.Storage",
          "SourceType": "Object",
          "SourceNode": "9a6506bb-c894-4b7a-87a2-302a92e5b12f",
          "TargetNode": "65544cf1-8998-4434-bb3a-bfd4b23d24c1",
          "SourcePinCollectionId": -1,
          "SourcePinId": 1,
          "TargetType": "Numeric",
          "TargetPinCollectionId": -1,
          "TargetPinId": 0
        },
        {
          "$type": "Artemis.Storage.Entities.Profile.Nodes.NodeConnectionEntity, Artemis.Storage",
          "SourceType": "Boolean",
          "SourceNode": "2628544e-a073-43ab-a9bb-252869f13ab8",
          "TargetNode": "deebe528-09dd-4963-93e3-45128adb3bd6",
          "SourcePinCollectionId": 0,
          "SourcePinId": 0,
          "TargetType": "Boolean",
          "TargetPinCollectionId": -1,
          "TargetPinId": 0
        },
        {
          "$type": "Artemis.Storage.Entities.Profile.Nodes.NodeConnectionEntity, Artemis.Storage",
          "SourceType": "Numeric",
          "SourceNode": "4cf15892-c2b5-4946-a0ff-2989b7c79ee8",
          "TargetNode": "284278a9-5ff4-401b-ac2c-1d21f559aca4",
          "SourcePinCollectionId": -1,
          "SourcePinId": 0,
          "TargetType": "Numeric",
          "TargetPinCollectionId": -1,
          "TargetPinId": 0
        }
      ]
    }
  },
  "HotkeyMode": 0,
  "EnableHotkey": null,
  "DisableHotkey": null,
  "ModuleId": null,
  "ProfileCategoryId": "5497995b-551e-41f6-aeaf-cd70a43833bc",
  "ProfileId": "8a577568-f6f8-4c46-a273-94b73bfad8bf",
  "FadeInAndOut": true
}